modality,participant_source_id,source_day,file_name,relative_path,file_size_bytes,parse_status,session_uid,session_id,has_counterpart
dense_caption,A1_JAKE,DAY1,A1_JAKE_DAY1_11000000.srt,EgoLifeCap/DenseCaption/A1_JAKE/DAY1/A1_JAKE_DAY1_11000000.srt,87852,discovered,A1_JAKE_DAY1_11000000,ses_A1_JAKE_DAY1_A1_JAKE_DAY1_11000000,True
dense_caption,A1_JAKE,DAY1,A1_JAKE_DAY1_12000000.srt,EgoLifeCap/DenseCaption/A1_JAKE/DAY1/A1_JAKE_DAY1_12000000.srt,102403,discovered,A1_JAKE_DAY1_12000000,ses_A1_JAKE_DAY1_A1_JAKE_DAY1_12000000,True
dense_caption,A1_JAKE,DAY1,A1_JAKE_DAY1_13000000.srt,EgoLifeCap/DenseCaption/A1_JAKE/DAY1/A1_JAKE_DAY1_13000000.srt,101478,discovered,A1_JAKE_DAY1_13000000,ses_A1_JAKE_DAY1_A1_JAKE_DAY1_13000000,True
dense_caption,A1_JAKE,DAY1,A1_JAKE_DAY1_14000000.srt,EgoLifeCap/DenseCaption/A1_JAKE/DAY1/A1_JAKE_DAY1_14000000.srt,29620,discovered,A1_JAKE_DAY1_14000000,ses_A1_JAKE_DAY1_A1_JAKE_DAY1_14000000,True
dense_caption,A1_JAKE,DAY1,A1_JAKE_DAY1_17000000.srt,EgoLifeCap/DenseCaption/A1_JAKE/DAY1/A1_JAKE_DAY1_17000000.srt,36769,discovered,A1_JAKE_DAY1_17000000,ses_A1_JAKE_DAY1_A1_JAKE_DAY1_17000000,True
dense_caption,A1_JAKE,DAY1,A1_JAKE_DAY1_18000000.srt,EgoLifeCap/DenseCaption/A1_JAKE/DAY1/A1_JAKE_DAY1_18000000.srt,26617,discovered,A1_JAKE_DAY1_18000000,ses_A1_JAKE_DAY1_A1_JAKE_DAY1_18000000,True
dense_caption,A1_JAKE,DAY1,A1_JAKE_DAY1_19000000.srt,EgoLifeCap/DenseCaption/A1_JAKE/DAY1/A1_JAKE_DAY1_19000000.srt,58417,discovered,A1_JAKE_DAY1_19000000,ses_A1_JAKE_DAY1_A1_JAKE_DAY1_19000000,True
dense_caption,A1_JAKE,DAY1,A1_JAKE_DAY1_20000000.srt,EgoLifeCap/DenseCaption/A1_JAKE/DAY1/A1_JAKE_DAY1_20000000.srt,39363,discovered,A1_JAKE_DAY1_20000000,ses_A1_JAKE_DAY1_A1_JAKE_DAY1_20000000,True
dense_caption,A1_JAKE,DAY1,A1_JAKE_DAY1_21000000.srt,EgoLifeCap/DenseCaption/A1_JAKE/DAY1/A1_JAKE_DAY1_21000000.srt,39342,discovered,A1_JAKE_DAY1_21000000,ses_A1_JAKE_DAY1_A1_JAKE_DAY1_21000000,True
dense_caption,A1_JAKE,DAY1,A1_JAKE_DAY1_22000000.srt,EgoLifeCap/DenseCaption/A1_JAKE/DAY1/A1_JAKE_DAY1_22000000.srt,9329,discovered,A1_JAKE_DAY1_22000000,ses_A1_JAKE_DAY1_A1_JAKE_DAY1_22000000,True
dense_caption,A1_JAKE,DAY2,A1_JAKE_DAY2_10000000.srt,EgoLifeCap/DenseCaption/A1_JAKE/DAY2/A1_JAKE_DAY2_10000000.srt,14167,discovered,A1_JAKE_DAY2_10000000,ses_A1_JAKE_DAY2_A1_JAKE_DAY2_10000000,True
dense_caption,A1_JAKE,DAY2,A1_JAKE_DAY2_11000000.srt,EgoLifeCap/DenseCaption/A1_JAKE/DAY2/A1_JAKE_DAY2_11000000.srt,57384,discovered,A1_JAKE_DAY2_11000000,ses_A1_JAKE_DAY2_A1_JAKE_DAY2_11000000,True
dense_caption,A1_JAKE,DAY2,A1_JAKE_DAY2_12000000.srt,EgoLifeCap/DenseCaption/A1_JAKE/DAY2/A1_JAKE_DAY2_12000000.srt,32426,discovered,A1_JAKE_DAY2_12000000,ses_A1_JAKE_DAY2_A1_JAKE_DAY2_12000000,True
dense_caption,A1_JAKE,DAY2,A1_JAKE_DAY2_13000000.srt,EgoLifeCap/DenseCaption/A1_JAKE/DAY2/A1_JAKE_DAY2_13000000.srt,80959,discovered,A1_JAKE_DAY2_13000000,ses_A1_JAKE_DAY2_A1_JAKE_DAY2_13000000,True
dense_caption,A1_JAKE,DAY2,A1_JAKE_DAY2_15000000.srt,EgoLifeCap/DenseCaption/A1_JAKE/DAY2/A1_JAKE_DAY2_15000000.srt,11877,discovered,A1_JAKE_DAY2_15000000,ses_A1_JAKE_DAY2_A1_JAKE_DAY2_15000000,True
dense_caption,A1_JAKE,DAY2,A1_JAKE_DAY2_16000000.srt,EgoLifeCap/DenseCaption/A1_JAKE/DAY2/A1_JAKE_DAY2_16000000.srt,77720,discovered,A1_JAKE_DAY2_16000000,ses_A1_JAKE_DAY2_A1_JAKE_DAY2_16000000,True
dense_caption,A1_JAKE,DAY2,A1_JAKE_DAY2_17000000.srt,EgoLifeCap/DenseCaption/A1_JAKE/DAY2/A1_JAKE_DAY2_17000000.srt,81466,discovered,A1_JAKE_DAY2_17000000,ses_A1_JAKE_DAY2_A1_JAKE_DAY2_17000000,True
dense_caption,A1_JAKE,DAY2,A1_JAKE_DAY2_18000000.srt,EgoLifeCap/DenseCaption/A1_JAKE/DAY2/A1_JAKE_DAY2_18000000.srt,49227,discovered,A1_JAKE_DAY2_18000000,ses_A1_JAKE_DAY2_A1_JAKE_DAY2_18000000,True
dense_caption,A1_JAKE,DAY2,A1_JAKE_DAY2_20000000.srt,EgoLifeCap/DenseCaption/A1_JAKE/DAY2/A1_JAKE_DAY2_20000000.srt,5599,discovered,A1_JAKE_DAY2_20000000,ses_A1_JAKE_DAY2_A1_JAKE_DAY2_20000000,True
dense_caption,A1_JAKE,DAY2,A1_JAKE_DAY2_21000000.srt,EgoLifeCap/DenseCaption/A1_JAKE/DAY2/A1_JAKE_DAY2_21000000.srt,83992,discovered,A1_JAKE_DAY2_21000000,ses_A1_JAKE_DAY2_A1_JAKE_DAY2_21000000,True
dense_caption,A1_JAKE,DAY2,A1_JAKE_DAY2_22000000.srt,EgoLifeCap/DenseCaption/A1_JAKE/DAY2/A1_JAKE_DAY2_22000000.srt,41551,discovered,A1_JAKE_DAY2_22000000,ses_A1_JAKE_DAY2_A1_JAKE_DAY2_22000000,True
dense_caption,A1_JAKE,DAY3,A1_JAKE_DAY3_11000000.srt,EgoLifeCap/DenseCaption/A1_JAKE/DAY3/A1_JAKE_DAY3_11000000.srt,45163,discovered,A1_JAKE_DAY3_11000000,ses_A1_JAKE_DAY3_A1_JAKE_DAY3_11000000,True
dense_caption,A1_JAKE,DAY3,A1_JAKE_DAY3_12000000.srt,EgoLifeCap/DenseCaption/A1_JAKE/DAY3/A1_JAKE_DAY3_12000000.srt,41852,discovered,A1_JAKE_DAY3_12000000,ses_A1_JAKE_DAY3_A1_JAKE_DAY3_12000000,True
dense_caption,A1_JAKE,DAY3,A1_JAKE_DAY3_14000000.srt,EgoLifeCap/DenseCaption/A1_JAKE/DAY3/A1_JAKE_DAY3_14000000.srt,10783,discovered,A1_JAKE_DAY3_14000000,ses_A1_JAKE_DAY3_A1_JAKE_DAY3_14000000,True
dense_caption,A1_JAKE,DAY3,A1_JAKE_DAY3_15000000.srt,EgoLifeCap/DenseCaption/A1_JAKE/DAY3/A1_JAKE_DAY3_15000000.srt,54814,discovered,A1_JAKE_DAY3_15000000,ses_A1_JAKE_DAY3_A1_JAKE_DAY3_15000000,True
dense_caption,A1_JAKE,DAY3,A1_JAKE_DAY3_16000000.srt,EgoLifeCap/DenseCaption/A1_JAKE/DAY3/A1_JAKE_DAY3_16000000.srt,55648,discovered,A1_JAKE_DAY3_16000000,ses_A1_JAKE_DAY3_A1_JAKE_DAY3_16000000,True
dense_caption,A1_JAKE,DAY3,A1_JAKE_DAY3_17000000.srt,EgoLifeCap/DenseCaption/A1_JAKE/DAY3/A1_JAKE_DAY3_17000000.srt,32896,discovered,A1_JAKE_DAY3_17000000,ses_A1_JAKE_DAY3_A1_JAKE_DAY3_17000000,True
dense_caption,A1_JAKE,DAY3,A1_JAKE_DAY3_18000000.srt,EgoLifeCap/DenseCaption/A1_JAKE/DAY3/A1_JAKE_DAY3_18000000.srt,32403,discovered,A1_JAKE_DAY3_18000000,ses_A1_JAKE_DAY3_A1_JAKE_DAY3_18000000,True
dense_caption,A1_JAKE,DAY3,A1_JAKE_DAY3_19000000.srt,EgoLifeCap/DenseCaption/A1_JAKE/DAY3/A1_JAKE_DAY3_19000000.srt,27522,discovered,A1_JAKE_DAY3_19000000,ses_A1_JAKE_DAY3_A1_JAKE_DAY3_19000000,True
dense_caption,A1_JAKE,DAY3,A1_JAKE_DAY3_20000000.srt,EgoLifeCap/DenseCaption/A1_JAKE/DAY3/A1_JAKE_DAY3_20000000.srt,50568,discovered,A1_JAKE_DAY3_20000000,ses_A1_JAKE_DAY3_A1_JAKE_DAY3_20000000,True
dense_caption,A1_JAKE,DAY3,A1_JAKE_DAY3_21000000.srt,EgoLifeCap/DenseCaption/A1_JAKE/DAY3/A1_JAKE_DAY3_21000000.srt,97194,discovered,A1_JAKE_DAY3_21000000,ses_A1_JAKE_DAY3_A1_JAKE_DAY3_21000000,True
dense_caption,A1_JAKE,DAY3,A1_JAKE_DAY3_22000000.srt,EgoLifeCap/DenseCaption/A1_JAKE/DAY3/A1_JAKE_DAY3_22000000.srt,83521,discovered,A1_JAKE_DAY3_22000000,ses_A1_JAKE_DAY3_A1_JAKE_DAY3_22000000,True
dense_caption,A1_JAKE,DAY4,A1_JAKE_DAY4_10000000.srt,EgoLifeCap/DenseCaption/A1_JAKE/DAY4/A1_JAKE_DAY4_10000000.srt,17437,discovered,A1_JAKE_DAY4_10000000,ses_A1_JAKE_DAY4_A1_JAKE_DAY4_10000000,True
dense_caption,A1_JAKE,DAY4,A1_JAKE_DAY4_11000000.srt,EgoLifeCap/DenseCaption/A1_JAKE/DAY4/A1_JAKE_DAY4_11000000.srt,89177,discovered,A1_JAKE_DAY4_11000000,ses_A1_JAKE_DAY4_A1_JAKE_DAY4_11000000,True
dense_caption,A1_JAKE,DAY4,A1_JAKE_DAY4_12000000.srt,EgoLifeCap/DenseCaption/A1_JAKE/DAY4/A1_JAKE_DAY4_12000000.srt,85859,discovered,A1_JAKE_DAY4_12000000,ses_A1_JAKE_DAY4_A1_JAKE_DAY4_12000000,True
dense_caption,A1_JAKE,DAY4,A1_JAKE_DAY4_13000000.srt,EgoLifeCap/DenseCaption/A1_JAKE/DAY4/A1_JAKE_DAY4_13000000.srt,60593,discovered,A1_JAKE_DAY4_13000000,ses_A1_JAKE_DAY4_A1_JAKE_DAY4_13000000,True
dense_caption,A1_JAKE,DAY4,A1_JAKE_DAY4_15000000.srt,EgoLifeCap/DenseCaption/A1_JAKE/DAY4/A1_JAKE_DAY4_15000000.srt,29475,discovered,A1_JAKE_DAY4_15000000,ses_A1_JAKE_DAY4_A1_JAKE_DAY4_15000000,True
dense_caption,A1_JAKE,DAY4,A1_JAKE_DAY4_16000000.srt,EgoLifeCap/DenseCaption/A1_JAKE/DAY4/A1_JAKE_DAY4_16000000.srt,64973,discovered,A1_JAKE_DAY4_16000000,ses_A1_JAKE_DAY4_A1_JAKE_DAY4_16000000,True
dense_caption,A1_JAKE,DAY4,A1_JAKE_DAY4_17000000.srt,EgoLifeCap/DenseCaption/A1_JAKE/DAY4/A1_JAKE_DAY4_17000000.srt,71178,discovered,A1_JAKE_DAY4_17000000,ses_A1_JAKE_DAY4_A1_JAKE_DAY4_17000000,True
dense_caption,A1_JAKE,DAY4,A1_JAKE_DAY4_18000000.srt,EgoLifeCap/DenseCaption/A1_JAKE/DAY4/A1_JAKE_DAY4_18000000.srt,67070,discovered,A1_JAKE_DAY4_18000000,ses_A1_JAKE_DAY4_A1_JAKE_DAY4_18000000,True
dense_caption,A1_JAKE,DAY4,A1_JAKE_DAY4_20000000.srt,EgoLifeCap/DenseCaption/A1_JAKE/DAY4/A1_JAKE_DAY4_20000000.srt,28803,discovered,A1_JAKE_DAY4_20000000,ses_A1_JAKE_DAY4_A1_JAKE_DAY4_20000000,True
dense_caption,A1_JAKE,DAY4,A1_JAKE_DAY4_21000000.srt,EgoLifeCap/DenseCaption/A1_JAKE/DAY4/A1_JAKE_DAY4_21000000.srt,82789,discovered,A1_JAKE_DAY4_21000000,ses_A1_JAKE_DAY4_A1_JAKE_DAY4_21000000,True
dense_caption,A1_JAKE,DAY4,A1_JAKE_DAY4_22000000.srt,EgoLifeCap/DenseCaption/A1_JAKE/DAY4/A1_JAKE_DAY4_22000000.srt,28586,discovered,A1_JAKE_DAY4_22000000,ses_A1_JAKE_DAY4_A1_JAKE_DAY4_22000000,True
dense_caption,A1_JAKE,DAY5,A1_JAKE_DAY5_11000000.srt,EgoLifeCap/DenseCaption/A1_JAKE/DAY5/A1_JAKE_DAY5_11000000.srt,86470,discovered,A1_JAKE_DAY5_11000000,ses_A1_JAKE_DAY5_A1_JAKE_DAY5_11000000,True
dense_caption,A1_JAKE,DAY5,A1_JAKE_DAY5_12000000.srt,EgoLifeCap/DenseCaption/A1_JAKE/DAY5/A1_JAKE_DAY5_12000000.srt,78681,discovered,A1_JAKE_DAY5_12000000,ses_A1_JAKE_DAY5_A1_JAKE_DAY5_12000000,True
dense_caption,A1_JAKE,DAY5,A1_JAKE_DAY5_13000000.srt,EgoLifeCap/DenseCaption/A1_JAKE/DAY5/A1_JAKE_DAY5_13000000.srt,1082,discovered,A1_JAKE_DAY5_13000000,ses_A1_JAKE_DAY5_A1_JAKE_DAY5_13000000,True
dense_caption,A1_JAKE,DAY5,A1_JAKE_DAY5_15000000.srt,EgoLifeCap/DenseCaption/A1_JAKE/DAY5/A1_JAKE_DAY5_15000000.srt,11281,discovered,A1_JAKE_DAY5_15000000,ses_A1_JAKE_DAY5_A1_JAKE_DAY5_15000000,True
dense_caption,A1_JAKE,DAY5,A1_JAKE_DAY5_16000000.srt,EgoLifeCap/DenseCaption/A1_JAKE/DAY5/A1_JAKE_DAY5_16000000.srt,54017,discovered,A1_JAKE_DAY5_16000000,ses_A1_JAKE_DAY5_A1_JAKE_DAY5_16000000,True
dense_caption,A1_JAKE,DAY5,A1_JAKE_DAY5_17000000.srt,EgoLifeCap/DenseCaption/A1_JAKE/DAY5/A1_JAKE_DAY5_17000000.srt,4170,discovered,A1_JAKE_DAY5_17000000,ses_A1_JAKE_DAY5_A1_JAKE_DAY5_17000000,True
dense_caption,A1_JAKE,DAY5,A1_JAKE_DAY5_18000000.srt,EgoLifeCap/DenseCaption/A1_JAKE/DAY5/A1_JAKE_DAY5_18000000.srt,78104,discovered,A1_JAKE_DAY5_18000000,ses_A1_JAKE_DAY5_A1_JAKE_DAY5_18000000,True
dense_caption,A1_JAKE,DAY5,A1_JAKE_DAY5_19000000.srt,EgoLifeCap/DenseCaption/A1_JAKE/DAY5/A1_JAKE_DAY5_19000000.srt,50687,discovered,A1_JAKE_DAY5_19000000,ses_A1_JAKE_DAY5_A1_JAKE_DAY5_19000000,True
dense_caption,A1_JAKE,DAY5,A1_JAKE_DAY5_20000000.srt,EgoLifeCap/DenseCaption/A1_JAKE/DAY5/A1_JAKE_DAY5_20000000.srt,69763,discovered,A1_JAKE_DAY5_20000000,ses_A1_JAKE_DAY5_A1_JAKE_DAY5_20000000,True
dense_caption,A1_JAKE,DAY5,A1_JAKE_DAY5_21000000.srt,EgoLifeCap/DenseCaption/A1_JAKE/DAY5/A1_JAKE_DAY5_21000000.srt,4003,discovered,A1_JAKE_DAY5_21000000,ses_A1_JAKE_DAY5_A1_JAKE_DAY5_21000000,True
dense_caption,A1_JAKE,DAY5,A1_JAKE_DAY5_22000000.srt,EgoLifeCap/DenseCaption/A1_JAKE/DAY5/A1_JAKE_DAY5_22000000.srt,62296,discovered,A1_JAKE_DAY5_22000000,ses_A1_JAKE_DAY5_A1_JAKE_DAY5_22000000,False
dense_caption,A1_JAKE,DAY5,A1_JAKE_DAY5_23000000.srt,EgoLifeCap/DenseCaption/A1_JAKE/DAY5/A1_JAKE_DAY5_23000000.srt,31706,discovered,A1_JAKE_DAY5_23000000,ses_A1_JAKE_DAY5_A1_JAKE_DAY5_23000000,False
dense_caption,A1_JAKE,DAY6,A1_JAKE_DAY6_09000000.srt,EgoLifeCap/DenseCaption/A1_JAKE/DAY6/A1_JAKE_DAY6_09000000.srt,25026,discovered,A1_JAKE_DAY6_09000000,ses_A1_JAKE_DAY6_A1_JAKE_DAY6_09000000,True
dense_caption,A1_JAKE,DAY6,A1_JAKE_DAY6_10000000.srt,EgoLifeCap/DenseCaption/A1_JAKE/DAY6/A1_JAKE_DAY6_10000000.srt,124755,discovered,A1_JAKE_DAY6_10000000,ses_A1_JAKE_DAY6_A1_JAKE_DAY6_10000000,True
dense_caption,A1_JAKE,DAY6,A1_JAKE_DAY6_11000000.srt,EgoLifeCap/DenseCaption/A1_JAKE/DAY6/A1_JAKE_DAY6_11000000.srt,116501,discovered,A1_JAKE_DAY6_11000000,ses_A1_JAKE_DAY6_A1_JAKE_DAY6_11000000,True
dense_caption,A1_JAKE,DAY6,A1_JAKE_DAY6_12000000.srt,EgoLifeCap/DenseCaption/A1_JAKE/DAY6/A1_JAKE_DAY6_12000000.srt,117564,discovered,A1_JAKE_DAY6_12000000,ses_A1_JAKE_DAY6_A1_JAKE_DAY6_12000000,True
dense_caption,A1_JAKE,DAY6,A1_JAKE_DAY6_13000000.srt,EgoLifeCap/DenseCaption/A1_JAKE/DAY6/A1_JAKE_DAY6_13000000.srt,44012,discovered,A1_JAKE_DAY6_13000000,ses_A1_JAKE_DAY6_A1_JAKE_DAY6_13000000,True
dense_caption,A1_JAKE,DAY6,A1_JAKE_DAY6_15000000.srt,EgoLifeCap/DenseCaption/A1_JAKE/DAY6/A1_JAKE_DAY6_15000000.srt,106121,discovered,A1_JAKE_DAY6_15000000,ses_A1_JAKE_DAY6_A1_JAKE_DAY6_15000000,True
dense_caption,A1_JAKE,DAY6,A1_JAKE_DAY6_16000000.srt,EgoLifeCap/DenseCaption/A1_JAKE/DAY6/A1_JAKE_DAY6_16000000.srt,101897,discovered,A1_JAKE_DAY6_16000000,ses_A1_JAKE_DAY6_A1_JAKE_DAY6_16000000,True
dense_caption,A1_JAKE,DAY6,A1_JAKE_DAY6_17000000.srt,EgoLifeCap/DenseCaption/A1_JAKE/DAY6/A1_JAKE_DAY6_17000000.srt,57706,discovered,A1_JAKE_DAY6_17000000,ses_A1_JAKE_DAY6_A1_JAKE_DAY6_17000000,True
dense_caption,A1_JAKE,DAY6,A1_JAKE_DAY6_19000000.srt,EgoLifeCap/DenseCaption/A1_JAKE/DAY6/A1_JAKE_DAY6_19000000.srt,86439,discovered,A1_JAKE_DAY6_19000000,ses_A1_JAKE_DAY6_A1_JAKE_DAY6_19000000,True
dense_caption,A1_JAKE,DAY6,A1_JAKE_DAY6_20000000.srt,EgoLifeCap/DenseCaption/A1_JAKE/DAY6/A1_JAKE_DAY6_20000000.srt,111261,discovered,A1_JAKE_DAY6_20000000,ses_A1_JAKE_DAY6_A1_JAKE_DAY6_20000000,True
dense_caption,A1_JAKE,DAY6,A1_JAKE_DAY6_21000000.srt,EgoLifeCap/DenseCaption/A1_JAKE/DAY6/A1_JAKE_DAY6_21000000.srt,123445,discovered,A1_JAKE_DAY6_21000000,ses_A1_JAKE_DAY6_A1_JAKE_DAY6_21000000,True
dense_caption,A1_JAKE,DAY6,A1_JAKE_DAY6_22000000.srt,EgoLifeCap/DenseCaption/A1_JAKE/DAY6/A1_JAKE_DAY6_22000000.srt,37859,discovered,A1_JAKE_DAY6_22000000,ses_A1_JAKE_DAY6_A1_JAKE_DAY6_22000000,True
dense_caption,A1_JAKE,DAY7,A1_JAKE_DAY7_11000000.srt,EgoLifeCap/DenseCaption/A1_JAKE/DAY7/A1_JAKE_DAY7_11000000.srt,5331,discovered,A1_JAKE_DAY7_11000000,ses_A1_JAKE_DAY7_A1_JAKE_DAY7_11000000,True
dense_caption,A1_JAKE,DAY7,A1_JAKE_DAY7_12000000.srt,EgoLifeCap/DenseCaption/A1_JAKE/DAY7/A1_JAKE_DAY7_12000000.srt,97040,discovered,A1_JAKE_DAY7_12000000,ses_A1_JAKE_DAY7_A1_JAKE_DAY7_12000000,True
dense_caption,A1_JAKE,DAY7,A1_JAKE_DAY7_13000000.srt,EgoLifeCap/DenseCaption/A1_JAKE/DAY7/A1_JAKE_DAY7_13000000.srt,53804,discovered,A1_JAKE_DAY7_13000000,ses_A1_JAKE_DAY7_A1_JAKE_DAY7_13000000,True
dense_caption,A1_JAKE,DAY7,A1_JAKE_DAY7_14000000.srt,EgoLifeCap/DenseCaption/A1_JAKE/DAY7/A1_JAKE_DAY7_14000000.srt,103720,discovered,A1_JAKE_DAY7_14000000,ses_A1_JAKE_DAY7_A1_JAKE_DAY7_14000000,True
dense_caption,A1_JAKE,DAY7,A1_JAKE_DAY7_15000000.srt,EgoLifeCap/DenseCaption/A1_JAKE/DAY7/A1_JAKE_DAY7_15000000.srt,53386,discovered,A1_JAKE_DAY7_15000000,ses_A1_JAKE_DAY7_A1_JAKE_DAY7_15000000,True
dense_caption,A1_JAKE,DAY7,A1_JAKE_DAY7_17000000.srt,EgoLifeCap/DenseCaption/A1_JAKE/DAY7/A1_JAKE_DAY7_17000000.srt,26994,discovered,A1_JAKE_DAY7_17000000,ses_A1_JAKE_DAY7_A1_JAKE_DAY7_17000000,True
dense_caption,A1_JAKE,DAY7,A1_JAKE_DAY7_18000000.srt,EgoLifeCap/DenseCaption/A1_JAKE/DAY7/A1_JAKE_DAY7_18000000.srt,62843,discovered,A1_JAKE_DAY7_18000000,ses_A1_JAKE_DAY7_A1_JAKE_DAY7_18000000,True
dense_caption,A1_JAKE,DAY7,A1_JAKE_DAY7_19000000.srt,EgoLifeCap/DenseCaption/A1_JAKE/DAY7/A1_JAKE_DAY7_19000000.srt,57822,discovered,A1_JAKE_DAY7_19000000,ses_A1_JAKE_DAY7_A1_JAKE_DAY7_19000000,True
dense_caption,A1_JAKE,DAY7,A1_JAKE_DAY7_20000000.srt,EgoLifeCap/DenseCaption/A1_JAKE/DAY7/A1_JAKE_DAY7_20000000.srt,12672,discovered,A1_JAKE_DAY7_20000000,ses_A1_JAKE_DAY7_A1_JAKE_DAY7_20000000,True
dense_caption,A2_ALICE,DAY1,A2_ALICE_DAY1_11000000.srt,EgoLifeCap/DenseCaption/A2_ALICE/DAY1/A2_ALICE_DAY1_11000000.srt,59427,discovered,A2_ALICE_DAY1_11000000,ses_A2_ALICE_DAY1_A2_ALICE_DAY1_11000000,True
dense_caption,A2_ALICE,DAY1,A2_ALICE_DAY1_12000000.srt,EgoLifeCap/DenseCaption/A2_ALICE/DAY1/A2_ALICE_DAY1_12000000.srt,64299,discovered,A2_ALICE_DAY1_12000000,ses_A2_ALICE_DAY1_A2_ALICE_DAY1_12000000,True
dense_caption,A2_ALICE,DAY1,A2_ALICE_DAY1_13000000.srt,EgoLifeCap/DenseCaption/A2_ALICE/DAY1/A2_ALICE_DAY1_13000000.srt,93453,discovered,A2_ALICE_DAY1_13000000,ses_A2_ALICE_DAY1_A2_ALICE_DAY1_13000000,True
dense_caption,A2_ALICE,DAY1,A2_ALICE_DAY1_14000000.srt,EgoLifeCap/DenseCaption/A2_ALICE/DAY1/A2_ALICE_DAY1_14000000.srt,25553,discovered,A2_ALICE_DAY1_14000000,ses_A2_ALICE_DAY1_A2_ALICE_DAY1_14000000,True
dense_caption,A2_ALICE,DAY1,A2_ALICE_DAY1_17000000.srt,EgoLifeCap/DenseCaption/A2_ALICE/DAY1/A2_ALICE_DAY1_17000000.srt,73364,discovered,A2_ALICE_DAY1_17000000,ses_A2_ALICE_DAY1_A2_ALICE_DAY1_17000000,True
dense_caption,A2_ALICE,DAY1,A2_ALICE_DAY1_18000000.srt,EgoLifeCap/DenseCaption/A2_ALICE/DAY1/A2_ALICE_DAY1_18000000.srt,62823,discovered,A2_ALICE_DAY1_18000000,ses_A2_ALICE_DAY1_A2_ALICE_DAY1_18000000,True
dense_caption,A2_ALICE,DAY1,A2_ALICE_DAY1_19000000.srt,EgoLifeCap/DenseCaption/A2_ALICE/DAY1/A2_ALICE_DAY1_19000000.srt,78441,discovered,A2_ALICE_DAY1_19000000,ses_A2_ALICE_DAY1_A2_ALICE_DAY1_19000000,True
dense_caption,A2_ALICE,DAY1,A2_ALICE_DAY1_20000000.srt,EgoLifeCap/DenseCaption/A2_ALICE/DAY1/A2_ALICE_DAY1_20000000.srt,43228,discovered,A2_ALICE_DAY1_20000000,ses_A2_ALICE_DAY1_A2_ALICE_DAY1_20000000,True
dense_caption,A2_ALICE,DAY1,A2_ALICE_DAY1_21000000.srt,EgoLifeCap/DenseCaption/A2_ALICE/DAY1/A2_ALICE_DAY1_21000000.srt,19810,discovered,A2_ALICE_DAY1_21000000,ses_A2_ALICE_DAY1_A2_ALICE_DAY1_21000000,True
dense_caption,A2_ALICE,DAY1,A2_ALICE_DAY1_22000000.srt,EgoLifeCap/DenseCaption/A2_ALICE/DAY1/A2_ALICE_DAY1_22000000.srt,4538,discovered,A2_ALICE_DAY1_22000000,ses_A2_ALICE_DAY1_A2_ALICE_DAY1_22000000,True
dense_caption,A2_ALICE,DAY2,A2_ALICE_DAY2_10000000.srt,EgoLifeCap/DenseCaption/A2_ALICE/DAY2/A2_ALICE_DAY2_10000000.srt,17887,discovered,A2_ALICE_DAY2_10000000,ses_A2_ALICE_DAY2_A2_ALICE_DAY2_10000000,True
dense_caption,A2_ALICE,DAY2,A2_ALICE_DAY2_11000000.srt,EgoLifeCap/DenseCaption/A2_ALICE/DAY2/A2_ALICE_DAY2_11000000.srt,100008,discovered,A2_ALICE_DAY2_11000000,ses_A2_ALICE_DAY2_A2_ALICE_DAY2_11000000,True
dense_caption,A2_ALICE,DAY2,A2_ALICE_DAY2_12000000.srt,EgoLifeCap/DenseCaption/A2_ALICE/DAY2/A2_ALICE_DAY2_12000000.srt,40924,discovered,A2_ALICE_DAY2_12000000,ses_A2_ALICE_DAY2_A2_ALICE_DAY2_12000000,True
dense_caption,A2_ALICE,DAY2,A2_ALICE_DAY2_13000000.srt,EgoLifeCap/DenseCaption/A2_ALICE/DAY2/A2_ALICE_DAY2_13000000.srt,19993,discovered,A2_ALICE_DAY2_13000000,ses_A2_ALICE_DAY2_A2_ALICE_DAY2_13000000,True
dense_caption,A2_ALICE,DAY2,A2_ALICE_DAY2_15000000.srt,EgoLifeCap/DenseCaption/A2_ALICE/DAY2/A2_ALICE_DAY2_15000000.srt,50101,discovered,A2_ALICE_DAY2_15000000,ses_A2_ALICE_DAY2_A2_ALICE_DAY2_15000000,True
dense_caption,A2_ALICE,DAY2,A2_ALICE_DAY2_16000000.srt,EgoLifeCap/DenseCaption/A2_ALICE/DAY2/A2_ALICE_DAY2_16000000.srt,86349,discovered,A2_ALICE_DAY2_16000000,ses_A2_ALICE_DAY2_A2_ALICE_DAY2_16000000,True
dense_caption,A2_ALICE,DAY2,A2_ALICE_DAY2_17000000.srt,EgoLifeCap/DenseCaption/A2_ALICE/DAY2/A2_ALICE_DAY2_17000000.srt,80916,discovered,A2_ALICE_DAY2_17000000,ses_A2_ALICE_DAY2_A2_ALICE_DAY2_17000000,True
dense_caption,A2_ALICE,DAY2,A2_ALICE_DAY2_18000000.srt,EgoLifeCap/DenseCaption/A2_ALICE/DAY2/A2_ALICE_DAY2_18000000.srt,59266,discovered,A2_ALICE_DAY2_18000000,ses_A2_ALICE_DAY2_A2_ALICE_DAY2_18000000,True
dense_caption,A2_ALICE,DAY2,A2_ALICE_DAY2_20000000.srt,EgoLifeCap/DenseCaption/A2_ALICE/DAY2/A2_ALICE_DAY2_20000000.srt,7230,discovered,A2_ALICE_DAY2_20000000,ses_A2_ALICE_DAY2_A2_ALICE_DAY2_20000000,True
dense_caption,A2_ALICE,DAY2,A2_ALICE_DAY2_21000000.srt,EgoLifeCap/DenseCaption/A2_ALICE/DAY2/A2_ALICE_DAY2_21000000.srt,96491,discovered,A2_ALICE_DAY2_21000000,ses_A2_ALICE_DAY2_A2_ALICE_DAY2_21000000,True
dense_caption,A2_ALICE,DAY2,A2_ALICE_DAY2_22000000.srt,EgoLifeCap/DenseCaption/A2_ALICE/DAY2/A2_ALICE_DAY2_22000000.srt,95383,discovered,A2_ALICE_DAY2_22000000,ses_A2_ALICE_DAY2_A2_ALICE_DAY2_22000000,True
dense_caption,A2_ALICE,DAY3,A2_ALICE_DAY3_11000000.srt,EgoLifeCap/DenseCaption/A2_ALICE/DAY3/A2_ALICE_DAY3_11000000.srt,34210,discovered,A2_ALICE_DAY3_11000000,ses_A2_ALICE_DAY3_A2_ALICE_DAY3_11000000,True
dense_caption,A2_ALICE,DAY3,A2_ALICE_DAY3_12000000.srt,EgoLifeCap/DenseCaption/A2_ALICE/DAY3/A2_ALICE_DAY3_12000000.srt,45563,discovered,A2_ALICE_DAY3_12000000,ses_A2_ALICE_DAY3_A2_ALICE_DAY3_12000000,True
dense_caption,A2_ALICE,DAY3,A2_ALICE_DAY3_14000000.srt,EgoLifeCap/DenseCaption/A2_ALICE/DAY3/A2_ALICE_DAY3_14000000.srt,13199,discovered,A2_ALICE_DAY3_14000000,ses_A2_ALICE_DAY3_A2_ALICE_DAY3_14000000,True
dense_caption,A2_ALICE,DAY3,A2_ALICE_DAY3_15000000.srt,EgoLifeCap/DenseCaption/A2_ALICE/DAY3/A2_ALICE_DAY3_15000000.srt,76969,discovered,A2_ALICE_DAY3_15000000,ses_A2_ALICE_DAY3_A2_ALICE_DAY3_15000000,True
dense_caption,A2_ALICE,DAY3,A2_ALICE_DAY3_16000000.srt,EgoLifeCap/DenseCaption/A2_ALICE/DAY3/A2_ALICE_DAY3_16000000.srt,82228,discovered,A2_ALICE_DAY3_16000000,ses_A2_ALICE_DAY3_A2_ALICE_DAY3_16000000,True
dense_caption,A2_ALICE,DAY3,A2_ALICE_DAY3_17000000.srt,EgoLifeCap/DenseCaption/A2_ALICE/DAY3/A2_ALICE_DAY3_17000000.srt,50835,discovered,A2_ALICE_DAY3_17000000,ses_A2_ALICE_DAY3_A2_ALICE_DAY3_17000000,True
dense_caption,A2_ALICE,DAY3,A2_ALICE_DAY3_18000000.srt,EgoLifeCap/DenseCaption/A2_ALICE/DAY3/A2_ALICE_DAY3_18000000.srt,15649,discovered,A2_ALICE_DAY3_18000000,ses_A2_ALICE_DAY3_A2_ALICE_DAY3_18000000,True
dense_caption,A2_ALICE,DAY3,A2_ALICE_DAY3_19000000.srt,EgoLifeCap/DenseCaption/A2_ALICE/DAY3/A2_ALICE_DAY3_19000000.srt,7205,discovered,A2_ALICE_DAY3_19000000,ses_A2_ALICE_DAY3_A2_ALICE_DAY3_19000000,True
dense_caption,A2_ALICE,DAY3,A2_ALICE_DAY3_20000000.srt,EgoLifeCap/DenseCaption/A2_ALICE/DAY3/A2_ALICE_DAY3_20000000.srt,65379,discovered,A2_ALICE_DAY3_20000000,ses_A2_ALICE_DAY3_A2_ALICE_DAY3_20000000,True
dense_caption,A2_ALICE,DAY3,A2_ALICE_DAY3_21000000.srt,EgoLifeCap/DenseCaption/A2_ALICE/DAY3/A2_ALICE_DAY3_21000000.srt,54190,discovered,A2_ALICE_DAY3_21000000,ses_A2_ALICE_DAY3_A2_ALICE_DAY3_21000000,True
dense_caption,A2_ALICE,DAY3,A2_ALICE_DAY3_22000000.srt,EgoLifeCap/DenseCaption/A2_ALICE/DAY3/A2_ALICE_DAY3_22000000.srt,64445,discovered,A2_ALICE_DAY3_22000000,ses_A2_ALICE_DAY3_A2_ALICE_DAY3_22000000,True
dense_caption,A2_ALICE,DAY4,A2_ALICE_DAY4_10000000.srt,EgoLifeCap/DenseCaption/A2_ALICE/DAY4/A2_ALICE_DAY4_10000000.srt,9703,discovered,A2_ALICE_DAY4_10000000,ses_A2_ALICE_DAY4_A2_ALICE_DAY4_10000000,True
dense_caption,A2_ALICE,DAY4,A2_ALICE_DAY4_11000000.srt,EgoLifeCap/DenseCaption/A2_ALICE/DAY4/A2_ALICE_DAY4_11000000.srt,47451,discovered,A2_ALICE_DAY4_11000000,ses_A2_ALICE_DAY4_A2_ALICE_DAY4_11000000,True
dense_caption,A2_ALICE,DAY4,A2_ALICE_DAY4_12000000.srt,EgoLifeCap/DenseCaption/A2_ALICE/DAY4/A2_ALICE_DAY4_12000000.srt,40318,discovered,A2_ALICE_DAY4_12000000,ses_A2_ALICE_DAY4_A2_ALICE_DAY4_12000000,True
dense_caption,A2_ALICE,DAY4,A2_ALICE_DAY4_13000000.srt,EgoLifeCap/DenseCaption/A2_ALICE/DAY4/A2_ALICE_DAY4_13000000.srt,24451,discovered,A2_ALICE_DAY4_13000000,ses_A2_ALICE_DAY4_A2_ALICE_DAY4_13000000,True
dense_caption,A2_ALICE,DAY4,A2_ALICE_DAY4_18000000.srt,EgoLifeCap/DenseCaption/A2_ALICE/DAY4/A2_ALICE_DAY4_18000000.srt,18927,discovered,A2_ALICE_DAY4_18000000,ses_A2_ALICE_DAY4_A2_ALICE_DAY4_18000000,True
dense_caption,A2_ALICE,DAY4,A2_ALICE_DAY4_19000000.srt,EgoLifeCap/DenseCaption/A2_ALICE/DAY4/A2_ALICE_DAY4_19000000.srt,13519,discovered,A2_ALICE_DAY4_19000000,ses_A2_ALICE_DAY4_A2_ALICE_DAY4_19000000,True
dense_caption,A2_ALICE,DAY4,A2_ALICE_DAY4_20000000.srt,EgoLifeCap/DenseCaption/A2_ALICE/DAY4/A2_ALICE_DAY4_20000000.srt,24379,discovered,A2_ALICE_DAY4_20000000,ses_A2_ALICE_DAY4_A2_ALICE_DAY4_20000000,True
dense_caption,A2_ALICE,DAY4,A2_ALICE_DAY4_21000000.srt,EgoLifeCap/DenseCaption/A2_ALICE/DAY4/A2_ALICE_DAY4_21000000.srt,64794,discovered,A2_ALICE_DAY4_21000000,ses_A2_ALICE_DAY4_A2_ALICE_DAY4_21000000,True
dense_caption,A2_ALICE,DAY4,A2_ALICE_DAY4_22000000.srt,EgoLifeCap/DenseCaption/A2_ALICE/DAY4/A2_ALICE_DAY4_22000000.srt,14837,discovered,A2_ALICE_DAY4_22000000,ses_A2_ALICE_DAY4_A2_ALICE_DAY4_22000000,True
dense_caption,A2_ALICE,DAY5,A2_ALICE_DAY5_11000000.srt,EgoLifeCap/DenseCaption/A2_ALICE/DAY5/A2_ALICE_DAY5_11000000.srt,35963,discovered,A2_ALICE_DAY5_11000000,ses_A2_ALICE_DAY5_A2_ALICE_DAY5_11000000,True
dense_caption,A2_ALICE,DAY5,A2_ALICE_DAY5_12000000.srt,EgoLifeCap/DenseCaption/A2_ALICE/DAY5/A2_ALICE_DAY5_12000000.srt,33949,discovered,A2_ALICE_DAY5_12000000,ses_A2_ALICE_DAY5_A2_ALICE_DAY5_12000000,True
dense_caption,A2_ALICE,DAY5,A2_ALICE_DAY5_15000000.srt,EgoLifeCap/DenseCaption/A2_ALICE/DAY5/A2_ALICE_DAY5_15000000.srt,15095,discovered,A2_ALICE_DAY5_15000000,ses_A2_ALICE_DAY5_A2_ALICE_DAY5_15000000,True
dense_caption,A2_ALICE,DAY5,A2_ALICE_DAY5_16000000.srt,EgoLifeCap/DenseCaption/A2_ALICE/DAY5/A2_ALICE_DAY5_16000000.srt,48273,discovered,A2_ALICE_DAY5_16000000,ses_A2_ALICE_DAY5_A2_ALICE_DAY5_16000000,True
dense_caption,A2_ALICE,DAY5,A2_ALICE_DAY5_18000000.srt,EgoLifeCap/DenseCaption/A2_ALICE/DAY5/A2_ALICE_DAY5_18000000.srt,47355,discovered,A2_ALICE_DAY5_18000000,ses_A2_ALICE_DAY5_A2_ALICE_DAY5_18000000,True
dense_caption,A2_ALICE,DAY5,A2_ALICE_DAY5_19000000.srt,EgoLifeCap/DenseCaption/A2_ALICE/DAY5/A2_ALICE_DAY5_19000000.srt,36854,discovered,A2_ALICE_DAY5_19000000,ses_A2_ALICE_DAY5_A2_ALICE_DAY5_19000000,True
dense_caption,A2_ALICE,DAY5,A2_ALICE_DAY5_20000000.srt,EgoLifeCap/DenseCaption/A2_ALICE/DAY5/A2_ALICE_DAY5_20000000.srt,44032,discovered,A2_ALICE_DAY5_20000000,ses_A2_ALICE_DAY5_A2_ALICE_DAY5_20000000,True
dense_caption,A2_ALICE,DAY5,A2_ALICE_DAY5_21000000.srt,EgoLifeCap/DenseCaption/A2_ALICE/DAY5/A2_ALICE_DAY5_21000000.srt,2389,discovered,A2_ALICE_DAY5_21000000,ses_A2_ALICE_DAY5_A2_ALICE_DAY5_21000000,True
dense_caption,A2_ALICE,DAY6,A2_ALICE_DAY6_10000000.srt,EgoLifeCap/DenseCaption/A2_ALICE/DAY6/A2_ALICE_DAY6_10000000.srt,53790,discovered,A2_ALICE_DAY6_10000000,ses_A2_ALICE_DAY6_A2_ALICE_DAY6_10000000,True
dense_caption,A2_ALICE,DAY6,A2_ALICE_DAY6_11000000.srt,EgoLifeCap/DenseCaption/A2_ALICE/DAY6/A2_ALICE_DAY6_11000000.srt,81618,discovered,A2_ALICE_DAY6_11000000,ses_A2_ALICE_DAY6_A2_ALICE_DAY6_11000000,True
dense_caption,A2_ALICE,DAY6,A2_ALICE_DAY6_12000000.srt,EgoLifeCap/DenseCaption/A2_ALICE/DAY6/A2_ALICE_DAY6_12000000.srt,103908,discovered,A2_ALICE_DAY6_12000000,ses_A2_ALICE_DAY6_A2_ALICE_DAY6_12000000,True
dense_caption,A2_ALICE,DAY6,A2_ALICE_DAY6_13000000.srt,EgoLifeCap/DenseCaption/A2_ALICE/DAY6/A2_ALICE_DAY6_13000000.srt,33134,discovered,A2_ALICE_DAY6_13000000,ses_A2_ALICE_DAY6_A2_ALICE_DAY6_13000000,True
dense_caption,A2_ALICE,DAY6,A2_ALICE_DAY6_14000000.srt,EgoLifeCap/DenseCaption/A2_ALICE/DAY6/A2_ALICE_DAY6_14000000.srt,30652,discovered,A2_ALICE_DAY6_14000000,ses_A2_ALICE_DAY6_A2_ALICE_DAY6_14000000,True
dense_caption,A2_ALICE,DAY6,A2_ALICE_DAY6_15000000.srt,EgoLifeCap/DenseCaption/A2_ALICE/DAY6/A2_ALICE_DAY6_15000000.srt,106774,discovered,A2_ALICE_DAY6_15000000,ses_A2_ALICE_DAY6_A2_ALICE_DAY6_15000000,True
dense_caption,A2_ALICE,DAY6,A2_ALICE_DAY6_16000000.srt,EgoLifeCap/DenseCaption/A2_ALICE/DAY6/A2_ALICE_DAY6_16000000.srt,92583,discovered,A2_ALICE_DAY6_16000000,ses_A2_ALICE_DAY6_A2_ALICE_DAY6_16000000,True
dense_caption,A2_ALICE,DAY6,A2_ALICE_DAY6_17000000.srt,EgoLifeCap/DenseCaption/A2_ALICE/DAY6/A2_ALICE_DAY6_17000000.srt,62567,discovered,A2_ALICE_DAY6_17000000,ses_A2_ALICE_DAY6_A2_ALICE_DAY6_17000000,True
dense_caption,A2_ALICE,DAY6,A2_ALICE_DAY6_19000000.srt,EgoLifeCap/DenseCaption/A2_ALICE/DAY6/A2_ALICE_DAY6_19000000.srt,62116,discovered,A2_ALICE_DAY6_19000000,ses_A2_ALICE_DAY6_A2_ALICE_DAY6_19000000,True
dense_caption,A2_ALICE,DAY6,A2_ALICE_DAY6_20000000.srt,EgoLifeCap/DenseCaption/A2_ALICE/DAY6/A2_ALICE_DAY6_20000000.srt,82851,discovered,A2_ALICE_DAY6_20000000,ses_A2_ALICE_DAY6_A2_ALICE_DAY6_20000000,True
dense_caption,A2_ALICE,DAY6,A2_ALICE_DAY6_21000000.srt,EgoLifeCap/DenseCaption/A2_ALICE/DAY6/A2_ALICE_DAY6_21000000.srt,46004,discovered,A2_ALICE_DAY6_21000000,ses_A2_ALICE_DAY6_A2_ALICE_DAY6_21000000,True
dense_caption,A2_ALICE,DAY7,A2_ALICE_DAY7_12000000.srt,EgoLifeCap/DenseCaption/A2_ALICE/DAY7/A2_ALICE_DAY7_12000000.srt,77815,discovered,A2_ALICE_DAY7_12000000,ses_A2_ALICE_DAY7_A2_ALICE_DAY7_12000000,True
dense_caption,A2_ALICE,DAY7,A2_ALICE_DAY7_13000000.srt,EgoLifeCap/DenseCaption/A2_ALICE/DAY7/A2_ALICE_DAY7_13000000.srt,88993,discovered,A2_ALICE_DAY7_13000000,ses_A2_ALICE_DAY7_A2_ALICE_DAY7_13000000,True
dense_caption,A2_ALICE,DAY7,A2_ALICE_DAY7_14000000.srt,EgoLifeCap/DenseCaption/A2_ALICE/DAY7/A2_ALICE_DAY7_14000000.srt,75371,discovered,A2_ALICE_DAY7_14000000,ses_A2_ALICE_DAY7_A2_ALICE_DAY7_14000000,True
dense_caption,A2_ALICE,DAY7,A2_ALICE_DAY7_15000000.srt,EgoLifeCap/DenseCaption/A2_ALICE/DAY7/A2_ALICE_DAY7_15000000.srt,47535,discovered,A2_ALICE_DAY7_15000000,ses_A2_ALICE_DAY7_A2_ALICE_DAY7_15000000,True
dense_caption,A2_ALICE,DAY7,A2_ALICE_DAY7_17000000.srt,EgoLifeCap/DenseCaption/A2_ALICE/DAY7/A2_ALICE_DAY7_17000000.srt,6015,discovered,A2_ALICE_DAY7_17000000,ses_A2_ALICE_DAY7_A2_ALICE_DAY7_17000000,True
dense_caption,A2_ALICE,DAY7,A2_ALICE_DAY7_18000000.srt,EgoLifeCap/DenseCaption/A2_ALICE/DAY7/A2_ALICE_DAY7_18000000.srt,77009,discovered,A2_ALICE_DAY7_18000000,ses_A2_ALICE_DAY7_A2_ALICE_DAY7_18000000,True
dense_caption,A2_ALICE,DAY7,A2_ALICE_DAY7_19000000.srt,EgoLifeCap/DenseCaption/A2_ALICE/DAY7/A2_ALICE_DAY7_19000000.srt,39210,discovered,A2_ALICE_DAY7_19000000,ses_A2_ALICE_DAY7_A2_ALICE_DAY7_19000000,True
dense_caption,A3_TASHA,DAY1,A3_TASHA_DAY1_11000000.srt,EgoLifeCap/DenseCaption/A3_TASHA/DAY1/A3_TASHA_DAY1_11000000.srt,42770,discovered,A3_TASHA_DAY1_11000000,ses_A3_TASHA_DAY1_A3_TASHA_DAY1_11000000,True
dense_caption,A3_TASHA,DAY1,A3_TASHA_DAY1_12000000.srt,EgoLifeCap/DenseCaption/A3_TASHA/DAY1/A3_TASHA_DAY1_12000000.srt,46308,discovered,A3_TASHA_DAY1_12000000,ses_A3_TASHA_DAY1_A3_TASHA_DAY1_12000000,True
dense_caption,A3_TASHA,DAY1,A3_TASHA_DAY1_13000000.srt,EgoLifeCap/DenseCaption/A3_TASHA/DAY1/A3_TASHA_DAY1_13000000.srt,52278,discovered,A3_TASHA_DAY1_13000000,ses_A3_TASHA_DAY1_A3_TASHA_DAY1_13000000,True
dense_caption,A3_TASHA,DAY1,A3_TASHA_DAY1_14000000.srt,EgoLifeCap/DenseCaption/A3_TASHA/DAY1/A3_TASHA_DAY1_14000000.srt,16687,discovered,A3_TASHA_DAY1_14000000,ses_A3_TASHA_DAY1_A3_TASHA_DAY1_14000000,True
dense_caption,A3_TASHA,DAY1,A3_TASHA_DAY1_17000000.srt,EgoLifeCap/DenseCaption/A3_TASHA/DAY1/A3_TASHA_DAY1_17000000.srt,36978,discovered,A3_TASHA_DAY1_17000000,ses_A3_TASHA_DAY1_A3_TASHA_DAY1_17000000,True
dense_caption,A3_TASHA,DAY1,A3_TASHA_DAY1_18000000.srt,EgoLifeCap/DenseCaption/A3_TASHA/DAY1/A3_TASHA_DAY1_18000000.srt,30697,discovered,A3_TASHA_DAY1_18000000,ses_A3_TASHA_DAY1_A3_TASHA_DAY1_18000000,True
dense_caption,A3_TASHA,DAY1,A3_TASHA_DAY1_19000000.srt,EgoLifeCap/DenseCaption/A3_TASHA/DAY1/A3_TASHA_DAY1_19000000.srt,40848,discovered,A3_TASHA_DAY1_19000000,ses_A3_TASHA_DAY1_A3_TASHA_DAY1_19000000,True
dense_caption,A3_TASHA,DAY1,A3_TASHA_DAY1_20000000.srt,EgoLifeCap/DenseCaption/A3_TASHA/DAY1/A3_TASHA_DAY1_20000000.srt,31444,discovered,A3_TASHA_DAY1_20000000,ses_A3_TASHA_DAY1_A3_TASHA_DAY1_20000000,True
dense_caption,A3_TASHA,DAY2,A3_TASHA_DAY2_10000000.srt,EgoLifeCap/DenseCaption/A3_TASHA/DAY2/A3_TASHA_DAY2_10000000.srt,21535,discovered,A3_TASHA_DAY2_10000000,ses_A3_TASHA_DAY2_A3_TASHA_DAY2_10000000,True
dense_caption,A3_TASHA,DAY2,A3_TASHA_DAY2_11000000.srt,EgoLifeCap/DenseCaption/A3_TASHA/DAY2/A3_TASHA_DAY2_11000000.srt,73975,discovered,A3_TASHA_DAY2_11000000,ses_A3_TASHA_DAY2_A3_TASHA_DAY2_11000000,True
dense_caption,A3_TASHA,DAY2,A3_TASHA_DAY2_12000000.srt,EgoLifeCap/DenseCaption/A3_TASHA/DAY2/A3_TASHA_DAY2_12000000.srt,20162,discovered,A3_TASHA_DAY2_12000000,ses_A3_TASHA_DAY2_A3_TASHA_DAY2_12000000,True
dense_caption,A3_TASHA,DAY2,A3_TASHA_DAY2_13000000.srt,EgoLifeCap/DenseCaption/A3_TASHA/DAY2/A3_TASHA_DAY2_13000000.srt,13794,discovered,A3_TASHA_DAY2_13000000,ses_A3_TASHA_DAY2_A3_TASHA_DAY2_13000000,True
dense_caption,A3_TASHA,DAY2,A3_TASHA_DAY2_15000000.srt,EgoLifeCap/DenseCaption/A3_TASHA/DAY2/A3_TASHA_DAY2_15000000.srt,3322,discovered,A3_TASHA_DAY2_15000000,ses_A3_TASHA_DAY2_A3_TASHA_DAY2_15000000,True
dense_caption,A3_TASHA,DAY2,A3_TASHA_DAY2_16000000.srt,EgoLifeCap/DenseCaption/A3_TASHA/DAY2/A3_TASHA_DAY2_16000000.srt,66696,discovered,A3_TASHA_DAY2_16000000,ses_A3_TASHA_DAY2_A3_TASHA_DAY2_16000000,True
dense_caption,A3_TASHA,DAY2,A3_TASHA_DAY2_17000000.srt,EgoLifeCap/DenseCaption/A3_TASHA/DAY2/A3_TASHA_DAY2_17000000.srt,55067,discovered,A3_TASHA_DAY2_17000000,ses_A3_TASHA_DAY2_A3_TASHA_DAY2_17000000,True
dense_caption,A3_TASHA,DAY2,A3_TASHA_DAY2_18000000.srt,EgoLifeCap/DenseCaption/A3_TASHA/DAY2/A3_TASHA_DAY2_18000000.srt,43166,discovered,A3_TASHA_DAY2_18000000,ses_A3_TASHA_DAY2_A3_TASHA_DAY2_18000000,True
dense_caption,A3_TASHA,DAY2,A3_TASHA_DAY2_20000000.srt,EgoLifeCap/DenseCaption/A3_TASHA/DAY2/A3_TASHA_DAY2_20000000.srt,4961,discovered,A3_TASHA_DAY2_20000000,ses_A3_TASHA_DAY2_A3_TASHA_DAY2_20000000,True
dense_caption,A3_TASHA,DAY2,A3_TASHA_DAY2_21000000.srt,EgoLifeCap/DenseCaption/A3_TASHA/DAY2/A3_TASHA_DAY2_21000000.srt,63905,discovered,A3_TASHA_DAY2_21000000,ses_A3_TASHA_DAY2_A3_TASHA_DAY2_21000000,True
dense_caption,A3_TASHA,DAY2,A3_TASHA_DAY2_22000000.srt,EgoLifeCap/DenseCaption/A3_TASHA/DAY2/A3_TASHA_DAY2_22000000.srt,18764,discovered,A3_TASHA_DAY2_22000000,ses_A3_TASHA_DAY2_A3_TASHA_DAY2_22000000,True
dense_caption,A3_TASHA,DAY3,A3_TASHA_DAY3_11000000.srt,EgoLifeCap/DenseCaption/A3_TASHA/DAY3/A3_TASHA_DAY3_11000000.srt,15990,discovered,A3_TASHA_DAY3_11000000,ses_A3_TASHA_DAY3_A3_TASHA_DAY3_11000000,True
dense_caption,A3_TASHA,DAY3,A3_TASHA_DAY3_12000000.srt,EgoLifeCap/DenseCaption/A3_TASHA/DAY3/A3_TASHA_DAY3_12000000.srt,60317,discovered,A3_TASHA_DAY3_12000000,ses_A3_TASHA_DAY3_A3_TASHA_DAY3_12000000,True
dense_caption,A3_TASHA,DAY3,A3_TASHA_DAY3_14000000.srt,EgoLifeCap/DenseCaption/A3_TASHA/DAY3/A3_TASHA_DAY3_14000000.srt,19920,discovered,A3_TASHA_DAY3_14000000,ses_A3_TASHA_DAY3_A3_TASHA_DAY3_14000000,True
dense_caption,A3_TASHA,DAY3,A3_TASHA_DAY3_15000000.srt,EgoLifeCap/DenseCaption/A3_TASHA/DAY3/A3_TASHA_DAY3_15000000.srt,99742,discovered,A3_TASHA_DAY3_15000000,ses_A3_TASHA_DAY3_A3_TASHA_DAY3_15000000,True
dense_caption,A3_TASHA,DAY3,A3_TASHA_DAY3_16000000.srt,EgoLifeCap/DenseCaption/A3_TASHA/DAY3/A3_TASHA_DAY3_16000000.srt,89272,discovered,A3_TASHA_DAY3_16000000,ses_A3_TASHA_DAY3_A3_TASHA_DAY3_16000000,True
dense_caption,A3_TASHA,DAY3,A3_TASHA_DAY3_17000000.srt,EgoLifeCap/DenseCaption/A3_TASHA/DAY3/A3_TASHA_DAY3_17000000.srt,59042,discovered,A3_TASHA_DAY3_17000000,ses_A3_TASHA_DAY3_A3_TASHA_DAY3_17000000,True
dense_caption,A3_TASHA,DAY3,A3_TASHA_DAY3_18000000.srt,EgoLifeCap/DenseCaption/A3_TASHA/DAY3/A3_TASHA_DAY3_18000000.srt,18257,discovered,A3_TASHA_DAY3_18000000,ses_A3_TASHA_DAY3_A3_TASHA_DAY3_18000000,True
dense_caption,A3_TASHA,DAY3,A3_TASHA_DAY3_20000000.srt,EgoLifeCap/DenseCaption/A3_TASHA/DAY3/A3_TASHA_DAY3_20000000.srt,112635,discovered,A3_TASHA_DAY3_20000000,ses_A3_TASHA_DAY3_A3_TASHA_DAY3_20000000,True
dense_caption,A3_TASHA,DAY3,A3_TASHA_DAY3_21000000.srt,EgoLifeCap/DenseCaption/A3_TASHA/DAY3/A3_TASHA_DAY3_21000000.srt,40952,discovered,A3_TASHA_DAY3_21000000,ses_A3_TASHA_DAY3_A3_TASHA_DAY3_21000000,True
dense_caption,A3_TASHA,DAY3,A3_TASHA_DAY3_22000000.srt,EgoLifeCap/DenseCaption/A3_TASHA/DAY3/A3_TASHA_DAY3_22000000.srt,50045,discovered,A3_TASHA_DAY3_22000000,ses_A3_TASHA_DAY3_A3_TASHA_DAY3_22000000,True
dense_caption,A3_TASHA,DAY3,A3_TASHA_DAY3_23000000.srt,EgoLifeCap/DenseCaption/A3_TASHA/DAY3/A3_TASHA_DAY3_23000000.srt,14836,discovered,A3_TASHA_DAY3_23000000,ses_A3_TASHA_DAY3_A3_TASHA_DAY3_23000000,False
dense_caption,A3_TASHA,DAY4,A3_TASHA_DAY4_11000000.srt,EgoLifeCap/DenseCaption/A3_TASHA/DAY4/A3_TASHA_DAY4_11000000.srt,83534,discovered,A3_TASHA_DAY4_11000000,ses_A3_TASHA_DAY4_A3_TASHA_DAY4_11000000,True
dense_caption,A3_TASHA,DAY4,A3_TASHA_DAY4_12000000.srt,EgoLifeCap/DenseCaption/A3_TASHA/DAY4/A3_TASHA_DAY4_12000000.srt,111458,discovered,A3_TASHA_DAY4_12000000,ses_A3_TASHA_DAY4_A3_TASHA_DAY4_12000000,True
dense_caption,A3_TASHA,DAY4,A3_TASHA_DAY4_13000000.srt,EgoLifeCap/DenseCaption/A3_TASHA/DAY4/A3_TASHA_DAY4_13000000.srt,76853,discovered,A3_TASHA_DAY4_13000000,ses_A3_TASHA_DAY4_A3_TASHA_DAY4_13000000,True
dense_caption,A3_TASHA,DAY4,A3_TASHA_DAY4_15000000.srt,EgoLifeCap/DenseCaption/A3_TASHA/DAY4/A3_TASHA_DAY4_15000000.srt,51743,discovered,A3_TASHA_DAY4_15000000,ses_A3_TASHA_DAY4_A3_TASHA_DAY4_15000000,True
dense_caption,A3_TASHA,DAY4,A3_TASHA_DAY4_16000000.srt,EgoLifeCap/DenseCaption/A3_TASHA/DAY4/A3_TASHA_DAY4_16000000.srt,88788,discovered,A3_TASHA_DAY4_16000000,ses_A3_TASHA_DAY4_A3_TASHA_DAY4_16000000,True
dense_caption,A3_TASHA,DAY4,A3_TASHA_DAY4_17000000.srt,EgoLifeCap/DenseCaption/A3_TASHA/DAY4/A3_TASHA_DAY4_17000000.srt,97673,discovered,A3_TASHA_DAY4_17000000,ses_A3_TASHA_DAY4_A3_TASHA_DAY4_17000000,True
dense_caption,A3_TASHA,DAY4,A3_TASHA_DAY4_18000000.srt,EgoLifeCap/DenseCaption/A3_TASHA/DAY4/A3_TASHA_DAY4_18000000.srt,98416,discovered,A3_TASHA_DAY4_18000000,ses_A3_TASHA_DAY4_A3_TASHA_DAY4_18000000,True
dense_caption,A3_TASHA,DAY4,A3_TASHA_DAY4_19000000.srt,EgoLifeCap/DenseCaption/A3_TASHA/DAY4/A3_TASHA_DAY4_19000000.srt,4750,discovered,A3_TASHA_DAY4_19000000,ses_A3_TASHA_DAY4_A3_TASHA_DAY4_19000000,False
dense_caption,A3_TASHA,DAY4,A3_TASHA_DAY4_21000000.srt,EgoLifeCap/DenseCaption/A3_TASHA/DAY4/A3_TASHA_DAY4_21000000.srt,117498,discovered,A3_TASHA_DAY4_21000000,ses_A3_TASHA_DAY4_A3_TASHA_DAY4_21000000,True
dense_caption,A3_TASHA,DAY4,A3_TASHA_DAY4_22000000.srt,EgoLifeCap/DenseCaption/A3_TASHA/DAY4/A3_TASHA_DAY4_22000000.srt,42537,discovered,A3_TASHA_DAY4_22000000,ses_A3_TASHA_DAY4_A3_TASHA_DAY4_22000000,True
dense_caption,A3_TASHA,DAY5,A3_TASHA_DAY5_11000000.srt,EgoLifeCap/DenseCaption/A3_TASHA/DAY5/A3_TASHA_DAY5_11000000.srt,27564,discovered,A3_TASHA_DAY5_11000000,ses_A3_TASHA_DAY5_A3_TASHA_DAY5_11000000,True
dense_caption,A3_TASHA,DAY5,A3_TASHA_DAY5_12000000.srt,EgoLifeCap/DenseCaption/A3_TASHA/DAY5/A3_TASHA_DAY5_12000000.srt,27815,discovered,A3_TASHA_DAY5_12000000,ses_A3_TASHA_DAY5_A3_TASHA_DAY5_12000000,True
dense_caption,A3_TASHA,DAY5,A3_TASHA_DAY5_14000000.srt,EgoLifeCap/DenseCaption/A3_TASHA/DAY5/A3_TASHA_DAY5_14000000.srt,5559,discovered,A3_TASHA_DAY5_14000000,ses_A3_TASHA_DAY5_A3_TASHA_DAY5_14000000,True
dense_caption,A3_TASHA,DAY5,A3_TASHA_DAY5_15000000.srt,EgoLifeCap/DenseCaption/A3_TASHA/DAY5/A3_TASHA_DAY5_15000000.srt,43631,discovered,A3_TASHA_DAY5_15000000,ses_A3_TASHA_DAY5_A3_TASHA_DAY5_15000000,True
dense_caption,A3_TASHA,DAY5,A3_TASHA_DAY5_16000000.srt,EgoLifeCap/DenseCaption/A3_TASHA/DAY5/A3_TASHA_DAY5_16000000.srt,40461,discovered,A3_TASHA_DAY5_16000000,ses_A3_TASHA_DAY5_A3_TASHA_DAY5_16000000,True
dense_caption,A3_TASHA,DAY5,A3_TASHA_DAY5_17000000.srt,EgoLifeCap/DenseCaption/A3_TASHA/DAY5/A3_TASHA_DAY5_17000000.srt,531,discovered,A3_TASHA_DAY5_17000000,ses_A3_TASHA_DAY5_A3_TASHA_DAY5_17000000,True
dense_caption,A3_TASHA,DAY5,A3_TASHA_DAY5_18000000.srt,EgoLifeCap/DenseCaption/A3_TASHA/DAY5/A3_TASHA_DAY5_18000000.srt,94804,discovered,A3_TASHA_DAY5_18000000,ses_A3_TASHA_DAY5_A3_TASHA_DAY5_18000000,True
dense_caption,A3_TASHA,DAY5,A3_TASHA_DAY5_19000000.srt,EgoLifeCap/DenseCaption/A3_TASHA/DAY5/A3_TASHA_DAY5_19000000.srt,83394,discovered,A3_TASHA_DAY5_19000000,ses_A3_TASHA_DAY5_A3_TASHA_DAY5_19000000,True
dense_caption,A3_TASHA,DAY5,A3_TASHA_DAY5_22000000.srt,EgoLifeCap/DenseCaption/A3_TASHA/DAY5/A3_TASHA_DAY5_22000000.srt,51707,discovered,A3_TASHA_DAY5_22000000,ses_A3_TASHA_DAY5_A3_TASHA_DAY5_22000000,True
dense_caption,A3_TASHA,DAY6,A3_TASHA_DAY6_10000000.srt,EgoLifeCap/DenseCaption/A3_TASHA/DAY6/A3_TASHA_DAY6_10000000.srt,59569,discovered,A3_TASHA_DAY6_10000000,ses_A3_TASHA_DAY6_A3_TASHA_DAY6_10000000,True
dense_caption,A3_TASHA,DAY6,A3_TASHA_DAY6_11000000.srt,EgoLifeCap/DenseCaption/A3_TASHA/DAY6/A3_TASHA_DAY6_11000000.srt,83102,discovered,A3_TASHA_DAY6_11000000,ses_A3_TASHA_DAY6_A3_TASHA_DAY6_11000000,True
dense_caption,A3_TASHA,DAY6,A3_TASHA_DAY6_12000000.srt,EgoLifeCap/DenseCaption/A3_TASHA/DAY6/A3_TASHA_DAY6_12000000.srt,50877,discovered,A3_TASHA_DAY6_12000000,ses_A3_TASHA_DAY6_A3_TASHA_DAY6_12000000,True
dense_caption,A3_TASHA,DAY6,A3_TASHA_DAY6_13000000.srt,EgoLifeCap/DenseCaption/A3_TASHA/DAY6/A3_TASHA_DAY6_13000000.srt,31928,discovered,A3_TASHA_DAY6_13000000,ses_A3_TASHA_DAY6_A3_TASHA_DAY6_13000000,True
dense_caption,A3_TASHA,DAY6,A3_TASHA_DAY6_14000000.srt,EgoLifeCap/DenseCaption/A3_TASHA/DAY6/A3_TASHA_DAY6_14000000.srt,24164,discovered,A3_TASHA_DAY6_14000000,ses_A3_TASHA_DAY6_A3_TASHA_DAY6_14000000,True
dense_caption,A3_TASHA,DAY6,A3_TASHA_DAY6_15000000.srt,EgoLifeCap/DenseCaption/A3_TASHA/DAY6/A3_TASHA_DAY6_15000000.srt,94207,discovered,A3_TASHA_DAY6_15000000,ses_A3_TASHA_DAY6_A3_TASHA_DAY6_15000000,True
dense_caption,A3_TASHA,DAY6,A3_TASHA_DAY6_16000000.srt,EgoLifeCap/DenseCaption/A3_TASHA/DAY6/A3_TASHA_DAY6_16000000.srt,58194,discovered,A3_TASHA_DAY6_16000000,ses_A3_TASHA_DAY6_A3_TASHA_DAY6_16000000,True
dense_caption,A3_TASHA,DAY6,A3_TASHA_DAY6_17000000.srt,EgoLifeCap/DenseCaption/A3_TASHA/DAY6/A3_TASHA_DAY6_17000000.srt,82996,discovered,A3_TASHA_DAY6_17000000,ses_A3_TASHA_DAY6_A3_TASHA_DAY6_17000000,True
dense_caption,A3_TASHA,DAY6,A3_TASHA_DAY6_19000000.srt,EgoLifeCap/DenseCaption/A3_TASHA/DAY6/A3_TASHA_DAY6_19000000.srt,42551,discovered,A3_TASHA_DAY6_19000000,ses_A3_TASHA_DAY6_A3_TASHA_DAY6_19000000,True
dense_caption,A3_TASHA,DAY6,A3_TASHA_DAY6_20000000.srt,EgoLifeCap/DenseCaption/A3_TASHA/DAY6/A3_TASHA_DAY6_20000000.srt,74325,discovered,A3_TASHA_DAY6_20000000,ses_A3_TASHA_DAY6_A3_TASHA_DAY6_20000000,True
dense_caption,A3_TASHA,DAY6,A3_TASHA_DAY6_21000000.srt,EgoLifeCap/DenseCaption/A3_TASHA/DAY6/A3_TASHA_DAY6_21000000.srt,14071,discovered,A3_TASHA_DAY6_21000000,ses_A3_TASHA_DAY6_A3_TASHA_DAY6_21000000,True
dense_caption,A3_TASHA,DAY7,A3_TASHA_DAY7_12000000.srt,EgoLifeCap/DenseCaption/A3_TASHA/DAY7/A3_TASHA_DAY7_12000000.srt,16343,discovered,A3_TASHA_DAY7_12000000,ses_A3_TASHA_DAY7_A3_TASHA_DAY7_12000000,True
dense_caption,A3_TASHA,DAY7,A3_TASHA_DAY7_13000000.srt,EgoLifeCap/DenseCaption/A3_TASHA/DAY7/A3_TASHA_DAY7_13000000.srt,31063,discovered,A3_TASHA_DAY7_13000000,ses_A3_TASHA_DAY7_A3_TASHA_DAY7_13000000,True
dense_caption,A3_TASHA,DAY7,A3_TASHA_DAY7_14000000.srt,EgoLifeCap/DenseCaption/A3_TASHA/DAY7/A3_TASHA_DAY7_14000000.srt,21876,discovered,A3_TASHA_DAY7_14000000,ses_A3_TASHA_DAY7_A3_TASHA_DAY7_14000000,True
dense_caption,A3_TASHA,DAY7,A3_TASHA_DAY7_17000000.srt,EgoLifeCap/DenseCaption/A3_TASHA/DAY7/A3_TASHA_DAY7_17000000.srt,18142,discovered,A3_TASHA_DAY7_17000000,ses_A3_TASHA_DAY7_A3_TASHA_DAY7_17000000,True
dense_caption,A3_TASHA,DAY7,A3_TASHA_DAY7_18000000.srt,EgoLifeCap/DenseCaption/A3_TASHA/DAY7/A3_TASHA_DAY7_18000000.srt,19792,discovered,A3_TASHA_DAY7_18000000,ses_A3_TASHA_DAY7_A3_TASHA_DAY7_18000000,True
dense_caption,A4_LUCIA,DAY1,A4_LUCIA_DAY1_11000000.srt,EgoLifeCap/DenseCaption/A4_LUCIA/DAY1/A4_LUCIA_DAY1_11000000.srt,47541,discovered,A4_LUCIA_DAY1_11000000,ses_A4_LUCIA_DAY1_A4_LUCIA_DAY1_11000000,True
dense_caption,A4_LUCIA,DAY1,A4_LUCIA_DAY1_12000000.srt,EgoLifeCap/DenseCaption/A4_LUCIA/DAY1/A4_LUCIA_DAY1_12000000.srt,57393,discovered,A4_LUCIA_DAY1_12000000,ses_A4_LUCIA_DAY1_A4_LUCIA_DAY1_12000000,True
dense_caption,A4_LUCIA,DAY1,A4_LUCIA_DAY1_13000000.srt,EgoLifeCap/DenseCaption/A4_LUCIA/DAY1/A4_LUCIA_DAY1_13000000.srt,63238,discovered,A4_LUCIA_DAY1_13000000,ses_A4_LUCIA_DAY1_A4_LUCIA_DAY1_13000000,True
dense_caption,A4_LUCIA,DAY1,A4_LUCIA_DAY1_14000000.srt,EgoLifeCap/DenseCaption/A4_LUCIA/DAY1/A4_LUCIA_DAY1_14000000.srt,17839,discovered,A4_LUCIA_DAY1_14000000,ses_A4_LUCIA_DAY1_A4_LUCIA_DAY1_14000000,True
dense_caption,A4_LUCIA,DAY1,A4_LUCIA_DAY1_17000000.srt,EgoLifeCap/DenseCaption/A4_LUCIA/DAY1/A4_LUCIA_DAY1_17000000.srt,44639,discovered,A4_LUCIA_DAY1_17000000,ses_A4_LUCIA_DAY1_A4_LUCIA_DAY1_17000000,True
dense_caption,A4_LUCIA,DAY1,A4_LUCIA_DAY1_18000000.srt,EgoLifeCap/DenseCaption/A4_LUCIA/DAY1/A4_LUCIA_DAY1_18000000.srt,42611,discovered,A4_LUCIA_DAY1_18000000,ses_A4_LUCIA_DAY1_A4_LUCIA_DAY1_18000000,True
dense_caption,A4_LUCIA,DAY1,A4_LUCIA_DAY1_19000000.srt,EgoLifeCap/DenseCaption/A4_LUCIA/DAY1/A4_LUCIA_DAY1_19000000.srt,46273,discovered,A4_LUCIA_DAY1_19000000,ses_A4_LUCIA_DAY1_A4_LUCIA_DAY1_19000000,True
dense_caption,A4_LUCIA,DAY1,A4_LUCIA_DAY1_20000000.srt,EgoLifeCap/DenseCaption/A4_LUCIA/DAY1/A4_LUCIA_DAY1_20000000.srt,18435,discovered,A4_LUCIA_DAY1_20000000,ses_A4_LUCIA_DAY1_A4_LUCIA_DAY1_20000000,True
dense_caption,A4_LUCIA,DAY1,A4_LUCIA_DAY1_21000000.srt,EgoLifeCap/DenseCaption/A4_LUCIA/DAY1/A4_LUCIA_DAY1_21000000.srt,35730,discovered,A4_LUCIA_DAY1_21000000,ses_A4_LUCIA_DAY1_A4_LUCIA_DAY1_21000000,True
dense_caption,A4_LUCIA,DAY1,A4_LUCIA_DAY1_22000000.srt,EgoLifeCap/DenseCaption/A4_LUCIA/DAY1/A4_LUCIA_DAY1_22000000.srt,1815,discovered,A4_LUCIA_DAY1_22000000,ses_A4_LUCIA_DAY1_A4_LUCIA_DAY1_22000000,True
dense_caption,A4_LUCIA,DAY2,A4_LUCIA_DAY2_10000000.srt,EgoLifeCap/DenseCaption/A4_LUCIA/DAY2/A4_LUCIA_DAY2_10000000.srt,26013,discovered,A4_LUCIA_DAY2_10000000,ses_A4_LUCIA_DAY2_A4_LUCIA_DAY2_10000000,True
dense_caption,A4_LUCIA,DAY2,A4_LUCIA_DAY2_11000000.srt,EgoLifeCap/DenseCaption/A4_LUCIA/DAY2/A4_LUCIA_DAY2_11000000.srt,54923,discovered,A4_LUCIA_DAY2_11000000,ses_A4_LUCIA_DAY2_A4_LUCIA_DAY2_11000000,True
dense_caption,A4_LUCIA,DAY2,A4_LUCIA_DAY2_12000000.srt,EgoLifeCap/DenseCaption/A4_LUCIA/DAY2/A4_LUCIA_DAY2_12000000.srt,50835,discovered,A4_LUCIA_DAY2_12000000,ses_A4_LUCIA_DAY2_A4_LUCIA_DAY2_12000000,True
dense_caption,A4_LUCIA,DAY2,A4_LUCIA_DAY2_13000000.srt,EgoLifeCap/DenseCaption/A4_LUCIA/DAY2/A4_LUCIA_DAY2_13000000.srt,23909,discovered,A4_LUCIA_DAY2_13000000,ses_A4_LUCIA_DAY2_A4_LUCIA_DAY2_13000000,True
dense_caption,A4_LUCIA,DAY2,A4_LUCIA_DAY2_15000000.srt,EgoLifeCap/DenseCaption/A4_LUCIA/DAY2/A4_LUCIA_DAY2_15000000.srt,23814,discovered,A4_LUCIA_DAY2_15000000,ses_A4_LUCIA_DAY2_A4_LUCIA_DAY2_15000000,True
dense_caption,A4_LUCIA,DAY2,A4_LUCIA_DAY2_16000000.srt,EgoLifeCap/DenseCaption/A4_LUCIA/DAY2/A4_LUCIA_DAY2_16000000.srt,69939,discovered,A4_LUCIA_DAY2_16000000,ses_A4_LUCIA_DAY2_A4_LUCIA_DAY2_16000000,True
dense_caption,A4_LUCIA,DAY2,A4_LUCIA_DAY2_17000000.srt,EgoLifeCap/DenseCaption/A4_LUCIA/DAY2/A4_LUCIA_DAY2_17000000.srt,59521,discovered,A4_LUCIA_DAY2_17000000,ses_A4_LUCIA_DAY2_A4_LUCIA_DAY2_17000000,True
dense_caption,A4_LUCIA,DAY2,A4_LUCIA_DAY2_18000000.srt,EgoLifeCap/DenseCaption/A4_LUCIA/DAY2/A4_LUCIA_DAY2_18000000.srt,62699,discovered,A4_LUCIA_DAY2_18000000,ses_A4_LUCIA_DAY2_A4_LUCIA_DAY2_18000000,True
dense_caption,A4_LUCIA,DAY2,A4_LUCIA_DAY2_21000000.srt,EgoLifeCap/DenseCaption/A4_LUCIA/DAY2/A4_LUCIA_DAY2_21000000.srt,74075,discovered,A4_LUCIA_DAY2_21000000,ses_A4_LUCIA_DAY2_A4_LUCIA_DAY2_21000000,True
dense_caption,A4_LUCIA,DAY2,A4_LUCIA_DAY2_22000000.srt,EgoLifeCap/DenseCaption/A4_LUCIA/DAY2/A4_LUCIA_DAY2_22000000.srt,85761,discovered,A4_LUCIA_DAY2_22000000,ses_A4_LUCIA_DAY2_A4_LUCIA_DAY2_22000000,True
dense_caption,A4_LUCIA,DAY3,A4_LUCIA_DAY3_11000000.srt,EgoLifeCap/DenseCaption/A4_LUCIA/DAY3/A4_LUCIA_DAY3_11000000.srt,30225,discovered,A4_LUCIA_DAY3_11000000,ses_A4_LUCIA_DAY3_A4_LUCIA_DAY3_11000000,True
dense_caption,A4_LUCIA,DAY3,A4_LUCIA_DAY3_12000000.srt,EgoLifeCap/DenseCaption/A4_LUCIA/DAY3/A4_LUCIA_DAY3_12000000.srt,47570,discovered,A4_LUCIA_DAY3_12000000,ses_A4_LUCIA_DAY3_A4_LUCIA_DAY3_12000000,True
dense_caption,A4_LUCIA,DAY3,A4_LUCIA_DAY3_14000000.srt,EgoLifeCap/DenseCaption/A4_LUCIA/DAY3/A4_LUCIA_DAY3_14000000.srt,14584,discovered,A4_LUCIA_DAY3_14000000,ses_A4_LUCIA_DAY3_A4_LUCIA_DAY3_14000000,True
dense_caption,A4_LUCIA,DAY3,A4_LUCIA_DAY3_15000000.srt,EgoLifeCap/DenseCaption/A4_LUCIA/DAY3/A4_LUCIA_DAY3_15000000.srt,58437,discovered,A4_LUCIA_DAY3_15000000,ses_A4_LUCIA_DAY3_A4_LUCIA_DAY3_15000000,True
dense_caption,A4_LUCIA,DAY3,A4_LUCIA_DAY3_16000000.srt,EgoLifeCap/DenseCaption/A4_LUCIA/DAY3/A4_LUCIA_DAY3_16000000.srt,53779,discovered,A4_LUCIA_DAY3_16000000,ses_A4_LUCIA_DAY3_A4_LUCIA_DAY3_16000000,True
dense_caption,A4_LUCIA,DAY3,A4_LUCIA_DAY3_17000000.srt,EgoLifeCap/DenseCaption/A4_LUCIA/DAY3/A4_LUCIA_DAY3_17000000.srt,33989,discovered,A4_LUCIA_DAY3_17000000,ses_A4_LUCIA_DAY3_A4_LUCIA_DAY3_17000000,True
dense_caption,A4_LUCIA,DAY3,A4_LUCIA_DAY3_18000000.srt,EgoLifeCap/DenseCaption/A4_LUCIA/DAY3/A4_LUCIA_DAY3_18000000.srt,16231,discovered,A4_LUCIA_DAY3_18000000,ses_A4_LUCIA_DAY3_A4_LUCIA_DAY3_18000000,True
dense_caption,A4_LUCIA,DAY3,A4_LUCIA_DAY3_19000000.srt,EgoLifeCap/DenseCaption/A4_LUCIA/DAY3/A4_LUCIA_DAY3_19000000.srt,9895,discovered,A4_LUCIA_DAY3_19000000,ses_A4_LUCIA_DAY3_A4_LUCIA_DAY3_19000000,True
dense_caption,A4_LUCIA,DAY3,A4_LUCIA_DAY3_20000000.srt,EgoLifeCap/DenseCaption/A4_LUCIA/DAY3/A4_LUCIA_DAY3_20000000.srt,71179,discovered,A4_LUCIA_DAY3_20000000,ses_A4_LUCIA_DAY3_A4_LUCIA_DAY3_20000000,True
dense_caption,A4_LUCIA,DAY3,A4_LUCIA_DAY3_21000000.srt,EgoLifeCap/DenseCaption/A4_LUCIA/DAY3/A4_LUCIA_DAY3_21000000.srt,61069,discovered,A4_LUCIA_DAY3_21000000,ses_A4_LUCIA_DAY3_A4_LUCIA_DAY3_21000000,True
dense_caption,A4_LUCIA,DAY3,A4_LUCIA_DAY3_22000000.srt,EgoLifeCap/DenseCaption/A4_LUCIA/DAY3/A4_LUCIA_DAY3_22000000.srt,52978,discovered,A4_LUCIA_DAY3_22000000,ses_A4_LUCIA_DAY3_A4_LUCIA_DAY3_22000000,True
dense_caption,A4_LUCIA,DAY4,A4_LUCIA_DAY4_11000000.srt,EgoLifeCap/DenseCaption/A4_LUCIA/DAY4/A4_LUCIA_DAY4_11000000.srt,39854,discovered,A4_LUCIA_DAY4_11000000,ses_A4_LUCIA_DAY4_A4_LUCIA_DAY4_11000000,True
dense_caption,A4_LUCIA,DAY4,A4_LUCIA_DAY4_12000000.srt,EgoLifeCap/DenseCaption/A4_LUCIA/DAY4/A4_LUCIA_DAY4_12000000.srt,64352,discovered,A4_LUCIA_DAY4_12000000,ses_A4_LUCIA_DAY4_A4_LUCIA_DAY4_12000000,True
dense_caption,A4_LUCIA,DAY4,A4_LUCIA_DAY4_13000000.srt,EgoLifeCap/DenseCaption/A4_LUCIA/DAY4/A4_LUCIA_DAY4_13000000.srt,19567,discovered,A4_LUCIA_DAY4_13000000,ses_A4_LUCIA_DAY4_A4_LUCIA_DAY4_13000000,True
dense_caption,A4_LUCIA,DAY4,A4_LUCIA_DAY4_15000000.srt,EgoLifeCap/DenseCaption/A4_LUCIA/DAY4/A4_LUCIA_DAY4_15000000.srt,29735,discovered,A4_LUCIA_DAY4_15000000,ses_A4_LUCIA_DAY4_A4_LUCIA_DAY4_15000000,True
dense_caption,A4_LUCIA,DAY4,A4_LUCIA_DAY4_16000000.srt,EgoLifeCap/DenseCaption/A4_LUCIA/DAY4/A4_LUCIA_DAY4_16000000.srt,63359,discovered,A4_LUCIA_DAY4_16000000,ses_A4_LUCIA_DAY4_A4_LUCIA_DAY4_16000000,True
dense_caption,A4_LUCIA,DAY4,A4_LUCIA_DAY4_17000000.srt,EgoLifeCap/DenseCaption/A4_LUCIA/DAY4/A4_LUCIA_DAY4_17000000.srt,66759,discovered,A4_LUCIA_DAY4_17000000,ses_A4_LUCIA_DAY4_A4_LUCIA_DAY4_17000000,True
dense_caption,A4_LUCIA,DAY4,A4_LUCIA_DAY4_18000000.srt,EgoLifeCap/DenseCaption/A4_LUCIA/DAY4/A4_LUCIA_DAY4_18000000.srt,47633,discovered,A4_LUCIA_DAY4_18000000,ses_A4_LUCIA_DAY4_A4_LUCIA_DAY4_18000000,True
dense_caption,A4_LUCIA,DAY4,A4_LUCIA_DAY4_21000000.srt,EgoLifeCap/DenseCaption/A4_LUCIA/DAY4/A4_LUCIA_DAY4_21000000.srt,27199,discovered,A4_LUCIA_DAY4_21000000,ses_A4_LUCIA_DAY4_A4_LUCIA_DAY4_21000000,True
dense_caption,A4_LUCIA,DAY4,A4_LUCIA_DAY4_22000000.srt,EgoLifeCap/DenseCaption/A4_LUCIA/DAY4/A4_LUCIA_DAY4_22000000.srt,31402,discovered,A4_LUCIA_DAY4_22000000,ses_A4_LUCIA_DAY4_A4_LUCIA_DAY4_22000000,True
dense_caption,A4_LUCIA,DAY5,A4_LUCIA_DAY5_11000000.srt,EgoLifeCap/DenseCaption/A4_LUCIA/DAY5/A4_LUCIA_DAY5_11000000.srt,43573,discovered,A4_LUCIA_DAY5_11000000,ses_A4_LUCIA_DAY5_A4_LUCIA_DAY5_11000000,True
dense_caption,A4_LUCIA,DAY5,A4_LUCIA_DAY5_12000000.srt,EgoLifeCap/DenseCaption/A4_LUCIA/DAY5/A4_LUCIA_DAY5_12000000.srt,73744,discovered,A4_LUCIA_DAY5_12000000,ses_A4_LUCIA_DAY5_A4_LUCIA_DAY5_12000000,True
dense_caption,A4_LUCIA,DAY5,A4_LUCIA_DAY5_15000000.srt,EgoLifeCap/DenseCaption/A4_LUCIA/DAY5/A4_LUCIA_DAY5_15000000.srt,19305,discovered,A4_LUCIA_DAY5_15000000,ses_A4_LUCIA_DAY5_A4_LUCIA_DAY5_15000000,True
dense_caption,A4_LUCIA,DAY5,A4_LUCIA_DAY5_16000000.srt,EgoLifeCap/DenseCaption/A4_LUCIA/DAY5/A4_LUCIA_DAY5_16000000.srt,95950,discovered,A4_LUCIA_DAY5_16000000,ses_A4_LUCIA_DAY5_A4_LUCIA_DAY5_16000000,True
dense_caption,A4_LUCIA,DAY5,A4_LUCIA_DAY5_18000000.srt,EgoLifeCap/DenseCaption/A4_LUCIA/DAY5/A4_LUCIA_DAY5_18000000.srt,101074,discovered,A4_LUCIA_DAY5_18000000,ses_A4_LUCIA_DAY5_A4_LUCIA_DAY5_18000000,True
dense_caption,A4_LUCIA,DAY5,A4_LUCIA_DAY5_19000000.srt,EgoLifeCap/DenseCaption/A4_LUCIA/DAY5/A4_LUCIA_DAY5_19000000.srt,89185,discovered,A4_LUCIA_DAY5_19000000,ses_A4_LUCIA_DAY5_A4_LUCIA_DAY5_19000000,True
dense_caption,A4_LUCIA,DAY5,A4_LUCIA_DAY5_20000000.srt,EgoLifeCap/DenseCaption/A4_LUCIA/DAY5/A4_LUCIA_DAY5_20000000.srt,114780,discovered,A4_LUCIA_DAY5_20000000,ses_A4_LUCIA_DAY5_A4_LUCIA_DAY5_20000000,True
dense_caption,A4_LUCIA,DAY5,A4_LUCIA_DAY5_21000000.srt,EgoLifeCap/DenseCaption/A4_LUCIA/DAY5/A4_LUCIA_DAY5_21000000.srt,7403,discovered,A4_LUCIA_DAY5_21000000,ses_A4_LUCIA_DAY5_A4_LUCIA_DAY5_21000000,True
dense_caption,A4_LUCIA,DAY5,A4_LUCIA_DAY5_22000000.srt,EgoLifeCap/DenseCaption/A4_LUCIA/DAY5/A4_LUCIA_DAY5_22000000.srt,8446,discovered,A4_LUCIA_DAY5_22000000,ses_A4_LUCIA_DAY5_A4_LUCIA_DAY5_22000000,True
dense_caption,A4_LUCIA,DAY6,A4_LUCIA_DAY6_10000000.srt,EgoLifeCap/DenseCaption/A4_LUCIA/DAY6/A4_LUCIA_DAY6_10000000.srt,33263,discovered,A4_LUCIA_DAY6_10000000,ses_A4_LUCIA_DAY6_A4_LUCIA_DAY6_10000000,False
dense_caption,A4_LUCIA,DAY6,A4_LUCIA_DAY6_11000000.srt,EgoLifeCap/DenseCaption/A4_LUCIA/DAY6/A4_LUCIA_DAY6_11000000.srt,46541,discovered,A4_LUCIA_DAY6_11000000,ses_A4_LUCIA_DAY6_A4_LUCIA_DAY6_11000000,False
dense_caption,A4_LUCIA,DAY6,A4_LUCIA_DAY6_12000000.srt,EgoLifeCap/DenseCaption/A4_LUCIA/DAY6/A4_LUCIA_DAY6_12000000.srt,60512,discovered,A4_LUCIA_DAY6_12000000,ses_A4_LUCIA_DAY6_A4_LUCIA_DAY6_12000000,False
dense_caption,A4_LUCIA,DAY6,A4_LUCIA_DAY6_13000000.srt,EgoLifeCap/DenseCaption/A4_LUCIA/DAY6/A4_LUCIA_DAY6_13000000.srt,23806,discovered,A4_LUCIA_DAY6_13000000,ses_A4_LUCIA_DAY6_A4_LUCIA_DAY6_13000000,False
dense_caption,A4_LUCIA,DAY6,A4_LUCIA_DAY6_14000000.srt,EgoLifeCap/DenseCaption/A4_LUCIA/DAY6/A4_LUCIA_DAY6_14000000.srt,9683,discovered,A4_LUCIA_DAY6_14000000,ses_A4_LUCIA_DAY6_A4_LUCIA_DAY6_14000000,False
dense_caption,A4_LUCIA,DAY6,A4_LUCIA_DAY6_15000000.srt,EgoLifeCap/DenseCaption/A4_LUCIA/DAY6/A4_LUCIA_DAY6_15000000.srt,58376,discovered,A4_LUCIA_DAY6_15000000,ses_A4_LUCIA_DAY6_A4_LUCIA_DAY6_15000000,False
dense_caption,A4_LUCIA,DAY6,A4_LUCIA_DAY6_16000000.srt,EgoLifeCap/DenseCaption/A4_LUCIA/DAY6/A4_LUCIA_DAY6_16000000.srt,54974,discovered,A4_LUCIA_DAY6_16000000,ses_A4_LUCIA_DAY6_A4_LUCIA_DAY6_16000000,False
dense_caption,A4_LUCIA,DAY6,A4_LUCIA_DAY6_17000000.srt,EgoLifeCap/DenseCaption/A4_LUCIA/DAY6/A4_LUCIA_DAY6_17000000.srt,50578,discovered,A4_LUCIA_DAY6_17000000,ses_A4_LUCIA_DAY6_A4_LUCIA_DAY6_17000000,False
dense_caption,A4_LUCIA,DAY6,A4_LUCIA_DAY6_19000000.srt,EgoLifeCap/DenseCaption/A4_LUCIA/DAY6/A4_LUCIA_DAY6_19000000.srt,40006,discovered,A4_LUCIA_DAY6_19000000,ses_A4_LUCIA_DAY6_A4_LUCIA_DAY6_19000000,False
dense_caption,A4_LUCIA,DAY6,A4_LUCIA_DAY6_20000000.srt,EgoLifeCap/DenseCaption/A4_LUCIA/DAY6/A4_LUCIA_DAY6_20000000.srt,45529,discovered,A4_LUCIA_DAY6_20000000,ses_A4_LUCIA_DAY6_A4_LUCIA_DAY6_20000000,False
dense_caption,A4_LUCIA,DAY6,A4_LUCIA_DAY6_21000000.srt,EgoLifeCap/DenseCaption/A4_LUCIA/DAY6/A4_LUCIA_DAY6_21000000.srt,37240,discovered,A4_LUCIA_DAY6_21000000,ses_A4_LUCIA_DAY6_A4_LUCIA_DAY6_21000000,False
dense_caption,A4_LUCIA,DAY7,A4_LUCIA_DAY7_12000000.srt,EgoLifeCap/DenseCaption/A4_LUCIA/DAY7/A4_LUCIA_DAY7_12000000.srt,7978,discovered,A4_LUCIA_DAY7_12000000,ses_A4_LUCIA_DAY7_A4_LUCIA_DAY7_12000000,True
dense_caption,A4_LUCIA,DAY7,A4_LUCIA_DAY7_13000000.srt,EgoLifeCap/DenseCaption/A4_LUCIA/DAY7/A4_LUCIA_DAY7_13000000.srt,62935,discovered,A4_LUCIA_DAY7_13000000,ses_A4_LUCIA_DAY7_A4_LUCIA_DAY7_13000000,True
dense_caption,A4_LUCIA,DAY7,A4_LUCIA_DAY7_14000000.srt,EgoLifeCap/DenseCaption/A4_LUCIA/DAY7/A4_LUCIA_DAY7_14000000.srt,62443,discovered,A4_LUCIA_DAY7_14000000,ses_A4_LUCIA_DAY7_A4_LUCIA_DAY7_14000000,True
dense_caption,A4_LUCIA,DAY7,A4_LUCIA_DAY7_15000000.srt,EgoLifeCap/DenseCaption/A4_LUCIA/DAY7/A4_LUCIA_DAY7_15000000.srt,46634,discovered,A4_LUCIA_DAY7_15000000,ses_A4_LUCIA_DAY7_A4_LUCIA_DAY7_15000000,True
dense_caption,A4_LUCIA,DAY7,A4_LUCIA_DAY7_17000000.srt,EgoLifeCap/DenseCaption/A4_LUCIA/DAY7/A4_LUCIA_DAY7_17000000.srt,27140,discovered,A4_LUCIA_DAY7_17000000,ses_A4_LUCIA_DAY7_A4_LUCIA_DAY7_17000000,True
dense_caption,A4_LUCIA,DAY7,A4_LUCIA_DAY7_18000000.srt,EgoLifeCap/DenseCaption/A4_LUCIA/DAY7/A4_LUCIA_DAY7_18000000.srt,68956,discovered,A4_LUCIA_DAY7_18000000,ses_A4_LUCIA_DAY7_A4_LUCIA_DAY7_18000000,True
dense_caption,A4_LUCIA,DAY7,A4_LUCIA_DAY7_19000000.srt,EgoLifeCap/DenseCaption/A4_LUCIA/DAY7/A4_LUCIA_DAY7_19000000.srt,6569,discovered,A4_LUCIA_DAY7_19000000,ses_A4_LUCIA_DAY7_A4_LUCIA_DAY7_19000000,True
dense_caption,A5_KATRINA,DAY1,A5_KATRINA_DAY1_11000000.srt,EgoLifeCap/DenseCaption/A5_KATRINA/DAY1/A5_KATRINA_DAY1_11000000.srt,66124,discovered,A5_KATRINA_DAY1_11000000,ses_A5_KATRINA_DAY1_A5_KATRINA_DAY1_11000000,True
dense_caption,A5_KATRINA,DAY1,A5_KATRINA_DAY1_12000000.srt,EgoLifeCap/DenseCaption/A5_KATRINA/DAY1/A5_KATRINA_DAY1_12000000.srt,44750,discovered,A5_KATRINA_DAY1_12000000,ses_A5_KATRINA_DAY1_A5_KATRINA_DAY1_12000000,True
dense_caption,A5_KATRINA,DAY1,A5_KATRINA_DAY1_13000000.srt,EgoLifeCap/DenseCaption/A5_KATRINA/DAY1/A5_KATRINA_DAY1_13000000.srt,29563,discovered,A5_KATRINA_DAY1_13000000,ses_A5_KATRINA_DAY1_A5_KATRINA_DAY1_13000000,True
dense_caption,A5_KATRINA,DAY1,A5_KATRINA_DAY1_14000000.srt,EgoLifeCap/DenseCaption/A5_KATRINA/DAY1/A5_KATRINA_DAY1_14000000.srt,5532,discovered,A5_KATRINA_DAY1_14000000,ses_A5_KATRINA_DAY1_A5_KATRINA_DAY1_14000000,True
dense_caption,A5_KATRINA,DAY1,A5_KATRINA_DAY1_17000000.srt,EgoLifeCap/DenseCaption/A5_KATRINA/DAY1/A5_KATRINA_DAY1_17000000.srt,58279,discovered,A5_KATRINA_DAY1_17000000,ses_A5_KATRINA_DAY1_A5_KATRINA_DAY1_17000000,True
dense_caption,A5_KATRINA,DAY1,A5_KATRINA_DAY1_18000000.srt,EgoLifeCap/DenseCaption/A5_KATRINA/DAY1/A5_KATRINA_DAY1_18000000.srt,58871,discovered,A5_KATRINA_DAY1_18000000,ses_A5_KATRINA_DAY1_A5_KATRINA_DAY1_18000000,True
dense_caption,A5_KATRINA,DAY1,A5_KATRINA_DAY1_19000000.srt,EgoLifeCap/DenseCaption/A5_KATRINA/DAY1/A5_KATRINA_DAY1_19000000.srt,70504,discovered,A5_KATRINA_DAY1_19000000,ses_A5_KATRINA_DAY1_A5_KATRINA_DAY1_19000000,True
dense_caption,A5_KATRINA,DAY1,A5_KATRINA_DAY1_20000000.srt,EgoLifeCap/DenseCaption/A5_KATRINA/DAY1/A5_KATRINA_DAY1_20000000.srt,44375,discovered,A5_KATRINA_DAY1_20000000,ses_A5_KATRINA_DAY1_A5_KATRINA_DAY1_20000000,True
dense_caption,A5_KATRINA,DAY1,A5_KATRINA_DAY1_21000000.srt,EgoLifeCap/DenseCaption/A5_KATRINA/DAY1/A5_KATRINA_DAY1_21000000.srt,34167,discovered,A5_KATRINA_DAY1_21000000,ses_A5_KATRINA_DAY1_A5_KATRINA_DAY1_21000000,True
dense_caption,A5_KATRINA,DAY1,A5_KATRINA_DAY1_22000000.srt,EgoLifeCap/DenseCaption/A5_KATRINA/DAY1/A5_KATRINA_DAY1_22000000.srt,1960,discovered,A5_KATRINA_DAY1_22000000,ses_A5_KATRINA_DAY1_A5_KATRINA_DAY1_22000000,True
dense_caption,A5_KATRINA,DAY2,A5_KATRINA_DAY2_10000000.srt,EgoLifeCap/DenseCaption/A5_KATRINA/DAY2/A5_KATRINA_DAY2_10000000.srt,16576,discovered,A5_KATRINA_DAY2_10000000,ses_A5_KATRINA_DAY2_A5_KATRINA_DAY2_10000000,True
dense_caption,A5_KATRINA,DAY2,A5_KATRINA_DAY2_11000000.srt,EgoLifeCap/DenseCaption/A5_KATRINA/DAY2/A5_KATRINA_DAY2_11000000.srt,53559,discovered,A5_KATRINA_DAY2_11000000,ses_A5_KATRINA_DAY2_A5_KATRINA_DAY2_11000000,True
dense_caption,A5_KATRINA,DAY2,A5_KATRINA_DAY2_12000000.srt,EgoLifeCap/DenseCaption/A5_KATRINA/DAY2/A5_KATRINA_DAY2_12000000.srt,17449,discovered,A5_KATRINA_DAY2_12000000,ses_A5_KATRINA_DAY2_A5_KATRINA_DAY2_12000000,True
dense_caption,A5_KATRINA,DAY2,A5_KATRINA_DAY2_13000000.srt,EgoLifeCap/DenseCaption/A5_KATRINA/DAY2/A5_KATRINA_DAY2_13000000.srt,48754,discovered,A5_KATRINA_DAY2_13000000,ses_A5_KATRINA_DAY2_A5_KATRINA_DAY2_13000000,True
dense_caption,A5_KATRINA,DAY2,A5_KATRINA_DAY2_15000000.srt,EgoLifeCap/DenseCaption/A5_KATRINA/DAY2/A5_KATRINA_DAY2_15000000.srt,55187,discovered,A5_KATRINA_DAY2_15000000,ses_A5_KATRINA_DAY2_A5_KATRINA_DAY2_15000000,True
dense_caption,A5_KATRINA,DAY2,A5_KATRINA_DAY2_16000000.srt,EgoLifeCap/DenseCaption/A5_KATRINA/DAY2/A5_KATRINA_DAY2_16000000.srt,66760,discovered,A5_KATRINA_DAY2_16000000,ses_A5_KATRINA_DAY2_A5_KATRINA_DAY2_16000000,True
dense_caption,A5_KATRINA,DAY2,A5_KATRINA_DAY2_17000000.srt,EgoLifeCap/DenseCaption/A5_KATRINA/DAY2/A5_KATRINA_DAY2_17000000.srt,73913,discovered,A5_KATRINA_DAY2_17000000,ses_A5_KATRINA_DAY2_A5_KATRINA_DAY2_17000000,True
dense_caption,A5_KATRINA,DAY2,A5_KATRINA_DAY2_18000000.srt,EgoLifeCap/DenseCaption/A5_KATRINA/DAY2/A5_KATRINA_DAY2_18000000.srt,23519,discovered,A5_KATRINA_DAY2_18000000,ses_A5_KATRINA_DAY2_A5_KATRINA_DAY2_18000000,True
dense_caption,A5_KATRINA,DAY2,A5_KATRINA_DAY2_20000000.srt,EgoLifeCap/DenseCaption/A5_KATRINA/DAY2/A5_KATRINA_DAY2_20000000.srt,6857,discovered,A5_KATRINA_DAY2_20000000,ses_A5_KATRINA_DAY2_A5_KATRINA_DAY2_20000000,True
dense_caption,A5_KATRINA,DAY2,A5_KATRINA_DAY2_21000000.srt,EgoLifeCap/DenseCaption/A5_KATRINA/DAY2/A5_KATRINA_DAY2_21000000.srt,104965,discovered,A5_KATRINA_DAY2_21000000,ses_A5_KATRINA_DAY2_A5_KATRINA_DAY2_21000000,True
dense_caption,A5_KATRINA,DAY2,A5_KATRINA_DAY2_22000000.srt,EgoLifeCap/DenseCaption/A5_KATRINA/DAY2/A5_KATRINA_DAY2_22000000.srt,18280,discovered,A5_KATRINA_DAY2_22000000,ses_A5_KATRINA_DAY2_A5_KATRINA_DAY2_22000000,True
dense_caption,A5_KATRINA,DAY3,A5_KATRINA_DAY3_11000000.srt,EgoLifeCap/DenseCaption/A5_KATRINA/DAY3/A5_KATRINA_DAY3_11000000.srt,32109,discovered,A5_KATRINA_DAY3_11000000,ses_A5_KATRINA_DAY3_A5_KATRINA_DAY3_11000000,True
dense_caption,A5_KATRINA,DAY3,A5_KATRINA_DAY3_12000000.srt,EgoLifeCap/DenseCaption/A5_KATRINA/DAY3/A5_KATRINA_DAY3_12000000.srt,40294,discovered,A5_KATRINA_DAY3_12000000,ses_A5_KATRINA_DAY3_A5_KATRINA_DAY3_12000000,True
dense_caption,A5_KATRINA,DAY3,A5_KATRINA_DAY3_14000000.srt,EgoLifeCap/DenseCaption/A5_KATRINA/DAY3/A5_KATRINA_DAY3_14000000.srt,16437,discovered,A5_KATRINA_DAY3_14000000,ses_A5_KATRINA_DAY3_A5_KATRINA_DAY3_14000000,True
dense_caption,A5_KATRINA,DAY3,A5_KATRINA_DAY3_15000000.srt,EgoLifeCap/DenseCaption/A5_KATRINA/DAY3/A5_KATRINA_DAY3_15000000.srt,56746,discovered,A5_KATRINA_DAY3_15000000,ses_A5_KATRINA_DAY3_A5_KATRINA_DAY3_15000000,True
dense_caption,A5_KATRINA,DAY3,A5_KATRINA_DAY3_16000000.srt,EgoLifeCap/DenseCaption/A5_KATRINA/DAY3/A5_KATRINA_DAY3_16000000.srt,70023,discovered,A5_KATRINA_DAY3_16000000,ses_A5_KATRINA_DAY3_A5_KATRINA_DAY3_16000000,True
dense_caption,A5_KATRINA,DAY3,A5_KATRINA_DAY3_17000000.srt,EgoLifeCap/DenseCaption/A5_KATRINA/DAY3/A5_KATRINA_DAY3_17000000.srt,32668,discovered,A5_KATRINA_DAY3_17000000,ses_A5_KATRINA_DAY3_A5_KATRINA_DAY3_17000000,True
dense_caption,A5_KATRINA,DAY3,A5_KATRINA_DAY3_18000000.srt,EgoLifeCap/DenseCaption/A5_KATRINA/DAY3/A5_KATRINA_DAY3_18000000.srt,12768,discovered,A5_KATRINA_DAY3_18000000,ses_A5_KATRINA_DAY3_A5_KATRINA_DAY3_18000000,True
dense_caption,A5_KATRINA,DAY3,A5_KATRINA_DAY3_19000000.srt,EgoLifeCap/DenseCaption/A5_KATRINA/DAY3/A5_KATRINA_DAY3_19000000.srt,23606,discovered,A5_KATRINA_DAY3_19000000,ses_A5_KATRINA_DAY3_A5_KATRINA_DAY3_19000000,True
dense_caption,A5_KATRINA,DAY3,A5_KATRINA_DAY3_20000000.srt,EgoLifeCap/DenseCaption/A5_KATRINA/DAY3/A5_KATRINA_DAY3_20000000.srt,52418,discovered,A5_KATRINA_DAY3_20000000,ses_A5_KATRINA_DAY3_A5_KATRINA_DAY3_20000000,True
dense_caption,A5_KATRINA,DAY3,A5_KATRINA_DAY3_21000000.srt,EgoLifeCap/DenseCaption/A5_KATRINA/DAY3/A5_KATRINA_DAY3_21000000.srt,54520,discovered,A5_KATRINA_DAY3_21000000,ses_A5_KATRINA_DAY3_A5_KATRINA_DAY3_21000000,True
dense_caption,A5_KATRINA,DAY3,A5_KATRINA_DAY3_22000000.srt,EgoLifeCap/DenseCaption/A5_KATRINA/DAY3/A5_KATRINA_DAY3_22000000.srt,26455,discovered,A5_KATRINA_DAY3_22000000,ses_A5_KATRINA_DAY3_A5_KATRINA_DAY3_22000000,True
dense_caption,A5_KATRINA,DAY4,A5_KATRINA_DAY4_11000000.srt,EgoLifeCap/DenseCaption/A5_KATRINA/DAY4/A5_KATRINA_DAY4_11000000.srt,85489,discovered,A5_KATRINA_DAY4_11000000,ses_A5_KATRINA_DAY4_A5_KATRINA_DAY4_11000000,True
dense_caption,A5_KATRINA,DAY4,A5_KATRINA_DAY4_12000000.srt,EgoLifeCap/DenseCaption/A5_KATRINA/DAY4/A5_KATRINA_DAY4_12000000.srt,98950,discovered,A5_KATRINA_DAY4_12000000,ses_A5_KATRINA_DAY4_A5_KATRINA_DAY4_12000000,True
dense_caption,A5_KATRINA,DAY4,A5_KATRINA_DAY4_13000000.srt,EgoLifeCap/DenseCaption/A5_KATRINA/DAY4/A5_KATRINA_DAY4_13000000.srt,73580,discovered,A5_KATRINA_DAY4_13000000,ses_A5_KATRINA_DAY4_A5_KATRINA_DAY4_13000000,True
dense_caption,A5_KATRINA,DAY4,A5_KATRINA_DAY4_15000000.srt,EgoLifeCap/DenseCaption/A5_KATRINA/DAY4/A5_KATRINA_DAY4_15000000.srt,49989,discovered,A5_KATRINA_DAY4_15000000,ses_A5_KATRINA_DAY4_A5_KATRINA_DAY4_15000000,True
dense_caption,A5_KATRINA,DAY4,A5_KATRINA_DAY4_16000000.srt,EgoLifeCap/DenseCaption/A5_KATRINA/DAY4/A5_KATRINA_DAY4_16000000.srt,74489,discovered,A5_KATRINA_DAY4_16000000,ses_A5_KATRINA_DAY4_A5_KATRINA_DAY4_16000000,True
dense_caption,A5_KATRINA,DAY4,A5_KATRINA_DAY4_17000000.srt,EgoLifeCap/DenseCaption/A5_KATRINA/DAY4/A5_KATRINA_DAY4_17000000.srt,48984,discovered,A5_KATRINA_DAY4_17000000,ses_A5_KATRINA_DAY4_A5_KATRINA_DAY4_17000000,True
dense_caption,A5_KATRINA,DAY4,A5_KATRINA_DAY4_20000000.srt,EgoLifeCap/DenseCaption/A5_KATRINA/DAY4/A5_KATRINA_DAY4_20000000.srt,37421,discovered,A5_KATRINA_DAY4_20000000,ses_A5_KATRINA_DAY4_A5_KATRINA_DAY4_20000000,True
dense_caption,A5_KATRINA,DAY4,A5_KATRINA_DAY4_21000000.srt,EgoLifeCap/DenseCaption/A5_KATRINA/DAY4/A5_KATRINA_DAY4_21000000.srt,95127,discovered,A5_KATRINA_DAY4_21000000,ses_A5_KATRINA_DAY4_A5_KATRINA_DAY4_21000000,True
dense_caption,A5_KATRINA,DAY4,A5_KATRINA_DAY4_22000000.srt,EgoLifeCap/DenseCaption/A5_KATRINA/DAY4/A5_KATRINA_DAY4_22000000.srt,40549,discovered,A5_KATRINA_DAY4_22000000,ses_A5_KATRINA_DAY4_A5_KATRINA_DAY4_22000000,True
dense_caption,A5_KATRINA,DAY5,A5_KATRINA_DAY5_11000000.srt,EgoLifeCap/DenseCaption/A5_KATRINA/DAY5/A5_KATRINA_DAY5_11000000.srt,23355,discovered,A5_KATRINA_DAY5_11000000,ses_A5_KATRINA_DAY5_A5_KATRINA_DAY5_11000000,True
dense_caption,A5_KATRINA,DAY5,A5_KATRINA_DAY5_12000000.srt,EgoLifeCap/DenseCaption/A5_KATRINA/DAY5/A5_KATRINA_DAY5_12000000.srt,70142,discovered,A5_KATRINA_DAY5_12000000,ses_A5_KATRINA_DAY5_A5_KATRINA_DAY5_12000000,True
dense_caption,A5_KATRINA,DAY5,A5_KATRINA_DAY5_14000000.srt,EgoLifeCap/DenseCaption/A5_KATRINA/DAY5/A5_KATRINA_DAY5_14000000.srt,8490,discovered,A5_KATRINA_DAY5_14000000,ses_A5_KATRINA_DAY5_A5_KATRINA_DAY5_14000000,True
dense_caption,A5_KATRINA,DAY5,A5_KATRINA_DAY5_15000000.srt,EgoLifeCap/DenseCaption/A5_KATRINA/DAY5/A5_KATRINA_DAY5_15000000.srt,47606,discovered,A5_KATRINA_DAY5_15000000,ses_A5_KATRINA_DAY5_A5_KATRINA_DAY5_15000000,True
dense_caption,A5_KATRINA,DAY5,A5_KATRINA_DAY5_16000000.srt,EgoLifeCap/DenseCaption/A5_KATRINA/DAY5/A5_KATRINA_DAY5_16000000.srt,49940,discovered,A5_KATRINA_DAY5_16000000,ses_A5_KATRINA_DAY5_A5_KATRINA_DAY5_16000000,True
dense_caption,A5_KATRINA,DAY5,A5_KATRINA_DAY5_18000000.srt,EgoLifeCap/DenseCaption/A5_KATRINA/DAY5/A5_KATRINA_DAY5_18000000.srt,32030,discovered,A5_KATRINA_DAY5_18000000,ses_A5_KATRINA_DAY5_A5_KATRINA_DAY5_18000000,True
dense_caption,A5_KATRINA,DAY5,A5_KATRINA_DAY5_19000000.srt,EgoLifeCap/DenseCaption/A5_KATRINA/DAY5/A5_KATRINA_DAY5_19000000.srt,72025,discovered,A5_KATRINA_DAY5_19000000,ses_A5_KATRINA_DAY5_A5_KATRINA_DAY5_19000000,True
dense_caption,A5_KATRINA,DAY5,A5_KATRINA_DAY5_20000000.srt,EgoLifeCap/DenseCaption/A5_KATRINA/DAY5/A5_KATRINA_DAY5_20000000.srt,63214,discovered,A5_KATRINA_DAY5_20000000,ses_A5_KATRINA_DAY5_A5_KATRINA_DAY5_20000000,True
dense_caption,A5_KATRINA,DAY5,A5_KATRINA_DAY5_22000000.srt,EgoLifeCap/DenseCaption/A5_KATRINA/DAY5/A5_KATRINA_DAY5_22000000.srt,63480,discovered,A5_KATRINA_DAY5_22000000,ses_A5_KATRINA_DAY5_A5_KATRINA_DAY5_22000000,True
dense_caption,A5_KATRINA,DAY5,A5_KATRINA_DAY5_23000000.srt,EgoLifeCap/DenseCaption/A5_KATRINA/DAY5/A5_KATRINA_DAY5_23000000.srt,13954,discovered,A5_KATRINA_DAY5_23000000,ses_A5_KATRINA_DAY5_A5_KATRINA_DAY5_23000000,False
dense_caption,A5_KATRINA,DAY6,A5_KATRINA_DAY6_10000000.srt,EgoLifeCap/DenseCaption/A5_KATRINA/DAY6/A5_KATRINA_DAY6_10000000.srt,100977,discovered,A5_KATRINA_DAY6_10000000,ses_A5_KATRINA_DAY6_A5_KATRINA_DAY6_10000000,True
dense_caption,A5_KATRINA,DAY6,A5_KATRINA_DAY6_11000000.srt,EgoLifeCap/DenseCaption/A5_KATRINA/DAY6/A5_KATRINA_DAY6_11000000.srt,52616,discovered,A5_KATRINA_DAY6_11000000,ses_A5_KATRINA_DAY6_A5_KATRINA_DAY6_11000000,True
dense_caption,A5_KATRINA,DAY6,A5_KATRINA_DAY6_13000000.srt,EgoLifeCap/DenseCaption/A5_KATRINA/DAY6/A5_KATRINA_DAY6_13000000.srt,35505,discovered,A5_KATRINA_DAY6_13000000,ses_A5_KATRINA_DAY6_A5_KATRINA_DAY6_13000000,True
dense_caption,A5_KATRINA,DAY6,A5_KATRINA_DAY6_14000000.srt,EgoLifeCap/DenseCaption/A5_KATRINA/DAY6/A5_KATRINA_DAY6_14000000.srt,6285,discovered,A5_KATRINA_DAY6_14000000,ses_A5_KATRINA_DAY6_A5_KATRINA_DAY6_14000000,True
dense_caption,A5_KATRINA,DAY6,A5_KATRINA_DAY6_15000000.srt,EgoLifeCap/DenseCaption/A5_KATRINA/DAY6/A5_KATRINA_DAY6_15000000.srt,121895,discovered,A5_KATRINA_DAY6_15000000,ses_A5_KATRINA_DAY6_A5_KATRINA_DAY6_15000000,True
dense_caption,A5_KATRINA,DAY6,A5_KATRINA_DAY6_16000000.srt,EgoLifeCap/DenseCaption/A5_KATRINA/DAY6/A5_KATRINA_DAY6_16000000.srt,88787,discovered,A5_KATRINA_DAY6_16000000,ses_A5_KATRINA_DAY6_A5_KATRINA_DAY6_16000000,True
dense_caption,A5_KATRINA,DAY6,A5_KATRINA_DAY6_17000000.srt,EgoLifeCap/DenseCaption/A5_KATRINA/DAY6/A5_KATRINA_DAY6_17000000.srt,32323,discovered,A5_KATRINA_DAY6_17000000,ses_A5_KATRINA_DAY6_A5_KATRINA_DAY6_17000000,True
dense_caption,A5_KATRINA,DAY6,A5_KATRINA_DAY6_19000000.srt,EgoLifeCap/DenseCaption/A5_KATRINA/DAY6/A5_KATRINA_DAY6_19000000.srt,88334,discovered,A5_KATRINA_DAY6_19000000,ses_A5_KATRINA_DAY6_A5_KATRINA_DAY6_19000000,True
dense_caption,A5_KATRINA,DAY6,A5_KATRINA_DAY6_20000000.srt,EgoLifeCap/DenseCaption/A5_KATRINA/DAY6/A5_KATRINA_DAY6_20000000.srt,69223,discovered,A5_KATRINA_DAY6_20000000,ses_A5_KATRINA_DAY6_A5_KATRINA_DAY6_20000000,True
dense_caption,A5_KATRINA,DAY6,A5_KATRINA_DAY6_21000000.srt,EgoLifeCap/DenseCaption/A5_KATRINA/DAY6/A5_KATRINA_DAY6_21000000.srt,37175,discovered,A5_KATRINA_DAY6_21000000,ses_A5_KATRINA_DAY6_A5_KATRINA_DAY6_21000000,True
dense_caption,A5_KATRINA,DAY6,A5_KATRINA_DAY6_22000000.srt,EgoLifeCap/DenseCaption/A5_KATRINA/DAY6/A5_KATRINA_DAY6_22000000.srt,22816,discovered,A5_KATRINA_DAY6_22000000,ses_A5_KATRINA_DAY6_A5_KATRINA_DAY6_22000000,True
dense_caption,A5_KATRINA,DAY7,A5_KATRINA_DAY7_12000000.srt,EgoLifeCap/DenseCaption/A5_KATRINA/DAY7/A5_KATRINA_DAY7_12000000.srt,77288,discovered,A5_KATRINA_DAY7_12000000,ses_A5_KATRINA_DAY7_A5_KATRINA_DAY7_12000000,True
dense_caption,A5_KATRINA,DAY7,A5_KATRINA_DAY7_13000000.srt,EgoLifeCap/DenseCaption/A5_KATRINA/DAY7/A5_KATRINA_DAY7_13000000.srt,27064,discovered,A5_KATRINA_DAY7_13000000,ses_A5_KATRINA_DAY7_A5_KATRINA_DAY7_13000000,True
dense_caption,A5_KATRINA,DAY7,A5_KATRINA_DAY7_14000000.srt,EgoLifeCap/DenseCaption/A5_KATRINA/DAY7/A5_KATRINA_DAY7_14000000.srt,34859,discovered,A5_KATRINA_DAY7_14000000,ses_A5_KATRINA_DAY7_A5_KATRINA_DAY7_14000000,True
dense_caption,A5_KATRINA,DAY7,A5_KATRINA_DAY7_17000000.srt,EgoLifeCap/DenseCaption/A5_KATRINA/DAY7/A5_KATRINA_DAY7_17000000.srt,33675,discovered,A5_KATRINA_DAY7_17000000,ses_A5_KATRINA_DAY7_A5_KATRINA_DAY7_17000000,True
dense_caption,A5_KATRINA,DAY7,A5_KATRINA_DAY7_18000000.srt,EgoLifeCap/DenseCaption/A5_KATRINA/DAY7/A5_KATRINA_DAY7_18000000.srt,36321,discovered,A5_KATRINA_DAY7_18000000,ses_A5_KATRINA_DAY7_A5_KATRINA_DAY7_18000000,True
dense_caption,A6_SHURE,DAY1,A6_SHURE_DAY1_11000000.srt,EgoLifeCap/DenseCaption/A6_SHURE/DAY1/A6_SHURE_DAY1_11000000.srt,77810,discovered,A6_SHURE_DAY1_11000000,ses_A6_SHURE_DAY1_A6_SHURE_DAY1_11000000,True
dense_caption,A6_SHURE,DAY1,A6_SHURE_DAY1_12000000.srt,EgoLifeCap/DenseCaption/A6_SHURE/DAY1/A6_SHURE_DAY1_12000000.srt,94052,discovered,A6_SHURE_DAY1_12000000,ses_A6_SHURE_DAY1_A6_SHURE_DAY1_12000000,True
dense_caption,A6_SHURE,DAY1,A6_SHURE_DAY1_13000000.srt,EgoLifeCap/DenseCaption/A6_SHURE/DAY1/A6_SHURE_DAY1_13000000.srt,98630,discovered,A6_SHURE_DAY1_13000000,ses_A6_SHURE_DAY1_A6_SHURE_DAY1_13000000,True
dense_caption,A6_SHURE,DAY1,A6_SHURE_DAY1_14000000.srt,EgoLifeCap/DenseCaption/A6_SHURE/DAY1/A6_SHURE_DAY1_14000000.srt,32578,discovered,A6_SHURE_DAY1_14000000,ses_A6_SHURE_DAY1_A6_SHURE_DAY1_14000000,True
dense_caption,A6_SHURE,DAY1,A6_SHURE_DAY1_17000000.srt,EgoLifeCap/DenseCaption/A6_SHURE/DAY1/A6_SHURE_DAY1_17000000.srt,42216,discovered,A6_SHURE_DAY1_17000000,ses_A6_SHURE_DAY1_A6_SHURE_DAY1_17000000,True
dense_caption,A6_SHURE,DAY1,A6_SHURE_DAY1_18000000.srt,EgoLifeCap/DenseCaption/A6_SHURE/DAY1/A6_SHURE_DAY1_18000000.srt,66579,discovered,A6_SHURE_DAY1_18000000,ses_A6_SHURE_DAY1_A6_SHURE_DAY1_18000000,True
dense_caption,A6_SHURE,DAY1,A6_SHURE_DAY1_20000000.srt,EgoLifeCap/DenseCaption/A6_SHURE/DAY1/A6_SHURE_DAY1_20000000.srt,8808,discovered,A6_SHURE_DAY1_20000000,ses_A6_SHURE_DAY1_A6_SHURE_DAY1_20000000,True
dense_caption,A6_SHURE,DAY1,A6_SHURE_DAY1_21000000.srt,EgoLifeCap/DenseCaption/A6_SHURE/DAY1/A6_SHURE_DAY1_21000000.srt,80726,discovered,A6_SHURE_DAY1_21000000,ses_A6_SHURE_DAY1_A6_SHURE_DAY1_21000000,True
dense_caption,A6_SHURE,DAY1,A6_SHURE_DAY1_22000000.srt,EgoLifeCap/DenseCaption/A6_SHURE/DAY1/A6_SHURE_DAY1_22000000.srt,14217,discovered,A6_SHURE_DAY1_22000000,ses_A6_SHURE_DAY1_A6_SHURE_DAY1_22000000,True
dense_caption,A6_SHURE,DAY2,A6_SHURE_DAY2_15000000.srt,EgoLifeCap/DenseCaption/A6_SHURE/DAY2/A6_SHURE_DAY2_15000000.srt,38389,discovered,A6_SHURE_DAY2_15000000,ses_A6_SHURE_DAY2_A6_SHURE_DAY2_15000000,True
dense_caption,A6_SHURE,DAY2,A6_SHURE_DAY2_16000000.srt,EgoLifeCap/DenseCaption/A6_SHURE/DAY2/A6_SHURE_DAY2_16000000.srt,62212,discovered,A6_SHURE_DAY2_16000000,ses_A6_SHURE_DAY2_A6_SHURE_DAY2_16000000,True
dense_caption,A6_SHURE,DAY2,A6_SHURE_DAY2_17000000.srt,EgoLifeCap/DenseCaption/A6_SHURE/DAY2/A6_SHURE_DAY2_17000000.srt,66379,discovered,A6_SHURE_DAY2_17000000,ses_A6_SHURE_DAY2_A6_SHURE_DAY2_17000000,True
dense_caption,A6_SHURE,DAY2,A6_SHURE_DAY2_18000000.srt,EgoLifeCap/DenseCaption/A6_SHURE/DAY2/A6_SHURE_DAY2_18000000.srt,41351,discovered,A6_SHURE_DAY2_18000000,ses_A6_SHURE_DAY2_A6_SHURE_DAY2_18000000,True
dense_caption,A6_SHURE,DAY2,A6_SHURE_DAY2_20000000.srt,EgoLifeCap/DenseCaption/A6_SHURE/DAY2/A6_SHURE_DAY2_20000000.srt,1761,discovered,A6_SHURE_DAY2_20000000,ses_A6_SHURE_DAY2_A6_SHURE_DAY2_20000000,True
dense_caption,A6_SHURE,DAY2,A6_SHURE_DAY2_21000000.srt,EgoLifeCap/DenseCaption/A6_SHURE/DAY2/A6_SHURE_DAY2_21000000.srt,49771,discovered,A6_SHURE_DAY2_21000000,ses_A6_SHURE_DAY2_A6_SHURE_DAY2_21000000,True
dense_caption,A6_SHURE,DAY2,A6_SHURE_DAY2_22000000.srt,EgoLifeCap/DenseCaption/A6_SHURE/DAY2/A6_SHURE_DAY2_22000000.srt,35040,discovered,A6_SHURE_DAY2_22000000,ses_A6_SHURE_DAY2_A6_SHURE_DAY2_22000000,True
dense_caption,A6_SHURE,DAY3,A6_SHURE_DAY3_11000000.srt,EgoLifeCap/DenseCaption/A6_SHURE/DAY3/A6_SHURE_DAY3_11000000.srt,43104,discovered,A6_SHURE_DAY3_11000000,ses_A6_SHURE_DAY3_A6_SHURE_DAY3_11000000,True
dense_caption,A6_SHURE,DAY3,A6_SHURE_DAY3_12000000.srt,EgoLifeCap/DenseCaption/A6_SHURE/DAY3/A6_SHURE_DAY3_12000000.srt,50404,discovered,A6_SHURE_DAY3_12000000,ses_A6_SHURE_DAY3_A6_SHURE_DAY3_12000000,True
dense_caption,A6_SHURE,DAY3,A6_SHURE_DAY3_14000000.srt,EgoLifeCap/DenseCaption/A6_SHURE/DAY3/A6_SHURE_DAY3_14000000.srt,15879,discovered,A6_SHURE_DAY3_14000000,ses_A6_SHURE_DAY3_A6_SHURE_DAY3_14000000,True
dense_caption,A6_SHURE,DAY3,A6_SHURE_DAY3_15000000.srt,EgoLifeCap/DenseCaption/A6_SHURE/DAY3/A6_SHURE_DAY3_15000000.srt,25415,discovered,A6_SHURE_DAY3_15000000,ses_A6_SHURE_DAY3_A6_SHURE_DAY3_15000000,True
dense_caption,A6_SHURE,DAY3,A6_SHURE_DAY3_16000000.srt,EgoLifeCap/DenseCaption/A6_SHURE/DAY3/A6_SHURE_DAY3_16000000.srt,53539,discovered,A6_SHURE_DAY3_16000000,ses_A6_SHURE_DAY3_A6_SHURE_DAY3_16000000,True
dense_caption,A6_SHURE,DAY3,A6_SHURE_DAY3_17000000.srt,EgoLifeCap/DenseCaption/A6_SHURE/DAY3/A6_SHURE_DAY3_17000000.srt,35088,discovered,A6_SHURE_DAY3_17000000,ses_A6_SHURE_DAY3_A6_SHURE_DAY3_17000000,True
dense_caption,A6_SHURE,DAY3,A6_SHURE_DAY3_18000000.srt,EgoLifeCap/DenseCaption/A6_SHURE/DAY3/A6_SHURE_DAY3_18000000.srt,10420,discovered,A6_SHURE_DAY3_18000000,ses_A6_SHURE_DAY3_A6_SHURE_DAY3_18000000,True
dense_caption,A6_SHURE,DAY3,A6_SHURE_DAY3_19000000.srt,EgoLifeCap/DenseCaption/A6_SHURE/DAY3/A6_SHURE_DAY3_19000000.srt,31408,discovered,A6_SHURE_DAY3_19000000,ses_A6_SHURE_DAY3_A6_SHURE_DAY3_19000000,True
dense_caption,A6_SHURE,DAY3,A6_SHURE_DAY3_20000000.srt,EgoLifeCap/DenseCaption/A6_SHURE/DAY3/A6_SHURE_DAY3_20000000.srt,61400,discovered,A6_SHURE_DAY3_20000000,ses_A6_SHURE_DAY3_A6_SHURE_DAY3_20000000,True
dense_caption,A6_SHURE,DAY3,A6_SHURE_DAY3_21000000.srt,EgoLifeCap/DenseCaption/A6_SHURE/DAY3/A6_SHURE_DAY3_21000000.srt,125079,discovered,A6_SHURE_DAY3_21000000,ses_A6_SHURE_DAY3_A6_SHURE_DAY3_21000000,True
dense_caption,A6_SHURE,DAY3,A6_SHURE_DAY3_22000000.srt,EgoLifeCap/DenseCaption/A6_SHURE/DAY3/A6_SHURE_DAY3_22000000.srt,24971,discovered,A6_SHURE_DAY3_22000000,ses_A6_SHURE_DAY3_A6_SHURE_DAY3_22000000,True
dense_caption,A6_SHURE,DAY4,A6_SHURE_DAY4_10000000.srt,EgoLifeCap/DenseCaption/A6_SHURE/DAY4/A6_SHURE_DAY4_10000000.srt,20938,discovered,A6_SHURE_DAY4_10000000,ses_A6_SHURE_DAY4_A6_SHURE_DAY4_10000000,True
dense_caption,A6_SHURE,DAY4,A6_SHURE_DAY4_11000000.srt,EgoLifeCap/DenseCaption/A6_SHURE/DAY4/A6_SHURE_DAY4_11000000.srt,127992,discovered,A6_SHURE_DAY4_11000000,ses_A6_SHURE_DAY4_A6_SHURE_DAY4_11000000,True
dense_caption,A6_SHURE,DAY4,A6_SHURE_DAY4_12000000.srt,EgoLifeCap/DenseCaption/A6_SHURE/DAY4/A6_SHURE_DAY4_12000000.srt,122982,discovered,A6_SHURE_DAY4_12000000,ses_A6_SHURE_DAY4_A6_SHURE_DAY4_12000000,True
dense_caption,A6_SHURE,DAY4,A6_SHURE_DAY4_13000000.srt,EgoLifeCap/DenseCaption/A6_SHURE/DAY4/A6_SHURE_DAY4_13000000.srt,73598,discovered,A6_SHURE_DAY4_13000000,ses_A6_SHURE_DAY4_A6_SHURE_DAY4_13000000,True
dense_caption,A6_SHURE,DAY4,A6_SHURE_DAY4_15000000.srt,EgoLifeCap/DenseCaption/A6_SHURE/DAY4/A6_SHURE_DAY4_15000000.srt,78072,discovered,A6_SHURE_DAY4_15000000,ses_A6_SHURE_DAY4_A6_SHURE_DAY4_15000000,True
dense_caption,A6_SHURE,DAY4,A6_SHURE_DAY4_16000000.srt,EgoLifeCap/DenseCaption/A6_SHURE/DAY4/A6_SHURE_DAY4_16000000.srt,134412,discovered,A6_SHURE_DAY4_16000000,ses_A6_SHURE_DAY4_A6_SHURE_DAY4_16000000,True
dense_caption,A6_SHURE,DAY4,A6_SHURE_DAY4_17000000.srt,EgoLifeCap/DenseCaption/A6_SHURE/DAY4/A6_SHURE_DAY4_17000000.srt,133176,discovered,A6_SHURE_DAY4_17000000,ses_A6_SHURE_DAY4_A6_SHURE_DAY4_17000000,True
dense_caption,A6_SHURE,DAY4,A6_SHURE_DAY4_18000000.srt,EgoLifeCap/DenseCaption/A6_SHURE/DAY4/A6_SHURE_DAY4_18000000.srt,151584,discovered,A6_SHURE_DAY4_18000000,ses_A6_SHURE_DAY4_A6_SHURE_DAY4_18000000,True
dense_caption,A6_SHURE,DAY4,A6_SHURE_DAY4_19000000.srt,EgoLifeCap/DenseCaption/A6_SHURE/DAY4/A6_SHURE_DAY4_19000000.srt,8069,discovered,A6_SHURE_DAY4_19000000,ses_A6_SHURE_DAY4_A6_SHURE_DAY4_19000000,True
dense_caption,A6_SHURE,DAY4,A6_SHURE_DAY4_20000000.srt,EgoLifeCap/DenseCaption/A6_SHURE/DAY4/A6_SHURE_DAY4_20000000.srt,57373,discovered,A6_SHURE_DAY4_20000000,ses_A6_SHURE_DAY4_A6_SHURE_DAY4_20000000,True
dense_caption,A6_SHURE,DAY4,A6_SHURE_DAY4_21000000.srt,EgoLifeCap/DenseCaption/A6_SHURE/DAY4/A6_SHURE_DAY4_21000000.srt,139302,discovered,A6_SHURE_DAY4_21000000,ses_A6_SHURE_DAY4_A6_SHURE_DAY4_21000000,True
dense_caption,A6_SHURE,DAY4,A6_SHURE_DAY4_22000000.srt,EgoLifeCap/DenseCaption/A6_SHURE/DAY4/A6_SHURE_DAY4_22000000.srt,69917,discovered,A6_SHURE_DAY4_22000000,ses_A6_SHURE_DAY4_A6_SHURE_DAY4_22000000,True
dense_caption,A6_SHURE,DAY5,A6_SHURE_DAY5_11000000.srt,EgoLifeCap/DenseCaption/A6_SHURE/DAY5/A6_SHURE_DAY5_11000000.srt,83788,discovered,A6_SHURE_DAY5_11000000,ses_A6_SHURE_DAY5_A6_SHURE_DAY5_11000000,True
dense_caption,A6_SHURE,DAY5,A6_SHURE_DAY5_12000000.srt,EgoLifeCap/DenseCaption/A6_SHURE/DAY5/A6_SHURE_DAY5_12000000.srt,69784,discovered,A6_SHURE_DAY5_12000000,ses_A6_SHURE_DAY5_A6_SHURE_DAY5_12000000,True
dense_caption,A6_SHURE,DAY5,A6_SHURE_DAY5_14000000.srt,EgoLifeCap/DenseCaption/A6_SHURE/DAY5/A6_SHURE_DAY5_14000000.srt,16723,discovered,A6_SHURE_DAY5_14000000,ses_A6_SHURE_DAY5_A6_SHURE_DAY5_14000000,True
dense_caption,A6_SHURE,DAY5,A6_SHURE_DAY5_15000000.srt,EgoLifeCap/DenseCaption/A6_SHURE/DAY5/A6_SHURE_DAY5_15000000.srt,58056,discovered,A6_SHURE_DAY5_15000000,ses_A6_SHURE_DAY5_A6_SHURE_DAY5_15000000,True
dense_caption,A6_SHURE,DAY5,A6_SHURE_DAY5_16000000.srt,EgoLifeCap/DenseCaption/A6_SHURE/DAY5/A6_SHURE_DAY5_16000000.srt,50965,discovered,A6_SHURE_DAY5_16000000,ses_A6_SHURE_DAY5_A6_SHURE_DAY5_16000000,True
dense_caption,A6_SHURE,DAY5,A6_SHURE_DAY5_18000000.srt,EgoLifeCap/DenseCaption/A6_SHURE/DAY5/A6_SHURE_DAY5_18000000.srt,64782,discovered,A6_SHURE_DAY5_18000000,ses_A6_SHURE_DAY5_A6_SHURE_DAY5_18000000,True
dense_caption,A6_SHURE,DAY5,A6_SHURE_DAY5_19000000.srt,EgoLifeCap/DenseCaption/A6_SHURE/DAY5/A6_SHURE_DAY5_19000000.srt,87456,discovered,A6_SHURE_DAY5_19000000,ses_A6_SHURE_DAY5_A6_SHURE_DAY5_19000000,True
dense_caption,A6_SHURE,DAY5,A6_SHURE_DAY5_20000000.srt,EgoLifeCap/DenseCaption/A6_SHURE/DAY5/A6_SHURE_DAY5_20000000.srt,51678,discovered,A6_SHURE_DAY5_20000000,ses_A6_SHURE_DAY5_A6_SHURE_DAY5_20000000,True
dense_caption,A6_SHURE,DAY5,A6_SHURE_DAY5_22000000.srt,EgoLifeCap/DenseCaption/A6_SHURE/DAY5/A6_SHURE_DAY5_22000000.srt,16201,discovered,A6_SHURE_DAY5_22000000,ses_A6_SHURE_DAY5_A6_SHURE_DAY5_22000000,True
dense_caption,A6_SHURE,DAY6,A6_SHURE_DAY6_10000000.srt,EgoLifeCap/DenseCaption/A6_SHURE/DAY6/A6_SHURE_DAY6_10000000.srt,49293,discovered,A6_SHURE_DAY6_10000000,ses_A6_SHURE_DAY6_A6_SHURE_DAY6_10000000,True
dense_caption,A6_SHURE,DAY6,A6_SHURE_DAY6_11000000.srt,EgoLifeCap/DenseCaption/A6_SHURE/DAY6/A6_SHURE_DAY6_11000000.srt,100450,discovered,A6_SHURE_DAY6_11000000,ses_A6_SHURE_DAY6_A6_SHURE_DAY6_11000000,True
dense_caption,A6_SHURE,DAY6,A6_SHURE_DAY6_12000000.srt,EgoLifeCap/DenseCaption/A6_SHURE/DAY6/A6_SHURE_DAY6_12000000.srt,101833,discovered,A6_SHURE_DAY6_12000000,ses_A6_SHURE_DAY6_A6_SHURE_DAY6_12000000,True
dense_caption,A6_SHURE,DAY6,A6_SHURE_DAY6_13000000.srt,EgoLifeCap/DenseCaption/A6_SHURE/DAY6/A6_SHURE_DAY6_13000000.srt,26578,discovered,A6_SHURE_DAY6_13000000,ses_A6_SHURE_DAY6_A6_SHURE_DAY6_13000000,True
dense_caption,A6_SHURE,DAY6,A6_SHURE_DAY6_15000000.srt,EgoLifeCap/DenseCaption/A6_SHURE/DAY6/A6_SHURE_DAY6_15000000.srt,89182,discovered,A6_SHURE_DAY6_15000000,ses_A6_SHURE_DAY6_A6_SHURE_DAY6_15000000,True
dense_caption,A6_SHURE,DAY6,A6_SHURE_DAY6_16000000.srt,EgoLifeCap/DenseCaption/A6_SHURE/DAY6/A6_SHURE_DAY6_16000000.srt,101318,discovered,A6_SHURE_DAY6_16000000,ses_A6_SHURE_DAY6_A6_SHURE_DAY6_16000000,True
dense_caption,A6_SHURE,DAY6,A6_SHURE_DAY6_17000000.srt,EgoLifeCap/DenseCaption/A6_SHURE/DAY6/A6_SHURE_DAY6_17000000.srt,96071,discovered,A6_SHURE_DAY6_17000000,ses_A6_SHURE_DAY6_A6_SHURE_DAY6_17000000,True
dense_caption,A6_SHURE,DAY6,A6_SHURE_DAY6_19000000.srt,EgoLifeCap/DenseCaption/A6_SHURE/DAY6/A6_SHURE_DAY6_19000000.srt,91535,discovered,A6_SHURE_DAY6_19000000,ses_A6_SHURE_DAY6_A6_SHURE_DAY6_19000000,True
dense_caption,A6_SHURE,DAY6,A6_SHURE_DAY6_20000000.srt,EgoLifeCap/DenseCaption/A6_SHURE/DAY6/A6_SHURE_DAY6_20000000.srt,109302,discovered,A6_SHURE_DAY6_20000000,ses_A6_SHURE_DAY6_A6_SHURE_DAY6_20000000,True
dense_caption,A6_SHURE,DAY6,A6_SHURE_DAY6_21000000.srt,EgoLifeCap/DenseCaption/A6_SHURE/DAY6/A6_SHURE_DAY6_21000000.srt,58358,discovered,A6_SHURE_DAY6_21000000,ses_A6_SHURE_DAY6_A6_SHURE_DAY6_21000000,True
dense_caption,A6_SHURE,DAY7,A6_SHURE_DAY7_10000000.srt,EgoLifeCap/DenseCaption/A6_SHURE/DAY7/A6_SHURE_DAY7_10000000.srt,25674,discovered,A6_SHURE_DAY7_10000000,ses_A6_SHURE_DAY7_A6_SHURE_DAY7_10000000,True
dense_caption,A6_SHURE,DAY7,A6_SHURE_DAY7_11000000.srt,EgoLifeCap/DenseCaption/A6_SHURE/DAY7/A6_SHURE_DAY7_11000000.srt,99832,discovered,A6_SHURE_DAY7_11000000,ses_A6_SHURE_DAY7_A6_SHURE_DAY7_11000000,True
dense_caption,A6_SHURE,DAY7,A6_SHURE_DAY7_12000000.srt,EgoLifeCap/DenseCaption/A6_SHURE/DAY7/A6_SHURE_DAY7_12000000.srt,96840,discovered,A6_SHURE_DAY7_12000000,ses_A6_SHURE_DAY7_A6_SHURE_DAY7_12000000,True
dense_caption,A6_SHURE,DAY7,A6_SHURE_DAY7_13000000.srt,EgoLifeCap/DenseCaption/A6_SHURE/DAY7/A6_SHURE_DAY7_13000000.srt,88410,discovered,A6_SHURE_DAY7_13000000,ses_A6_SHURE_DAY7_A6_SHURE_DAY7_13000000,True
dense_caption,A6_SHURE,DAY7,A6_SHURE_DAY7_14000000.srt,EgoLifeCap/DenseCaption/A6_SHURE/DAY7/A6_SHURE_DAY7_14000000.srt,40508,discovered,A6_SHURE_DAY7_14000000,ses_A6_SHURE_DAY7_A6_SHURE_DAY7_14000000,True
dense_caption,A6_SHURE,DAY7,A6_SHURE_DAY7_17000000.srt,EgoLifeCap/DenseCaption/A6_SHURE/DAY7/A6_SHURE_DAY7_17000000.srt,28678,discovered,A6_SHURE_DAY7_17000000,ses_A6_SHURE_DAY7_A6_SHURE_DAY7_17000000,True
transcript,A1_JAKE,DAY1,A1_JAKE_DAY1_11000000.srt,EgoLifeCap/Transcript/A1_JAKE/DAY1/A1_JAKE_DAY1_11000000.srt,133677,discovered,A1_JAKE_DAY1_11000000,ses_A1_JAKE_DAY1_A1_JAKE_DAY1_11000000,True
transcript,A1_JAKE,DAY1,A1_JAKE_DAY1_12000000.srt,EgoLifeCap/Transcript/A1_JAKE/DAY1/A1_JAKE_DAY1_12000000.srt,141028,discovered,A1_JAKE_DAY1_12000000,ses_A1_JAKE_DAY1_A1_JAKE_DAY1_12000000,True
transcript,A1_JAKE,DAY1,A1_JAKE_DAY1_13000000.srt,EgoLifeCap/Transcript/A1_JAKE/DAY1/A1_JAKE_DAY1_13000000.srt,135533,discovered,A1_JAKE_DAY1_13000000,ses_A1_JAKE_DAY1_A1_JAKE_DAY1_13000000,True
transcript,A1_JAKE,DAY1,A1_JAKE_DAY1_14000000.srt,EgoLifeCap/Transcript/A1_JAKE/DAY1/A1_JAKE_DAY1_14000000.srt,31893,discovered,A1_JAKE_DAY1_14000000,ses_A1_JAKE_DAY1_A1_JAKE_DAY1_14000000,True
transcript,A1_JAKE,DAY1,A1_JAKE_DAY1_17000000.srt,EgoLifeCap/Transcript/A1_JAKE/DAY1/A1_JAKE_DAY1_17000000.srt,111603,discovered,A1_JAKE_DAY1_17000000,ses_A1_JAKE_DAY1_A1_JAKE_DAY1_17000000,True
transcript,A1_JAKE,DAY1,A1_JAKE_DAY1_18000000.srt,EgoLifeCap/Transcript/A1_JAKE/DAY1/A1_JAKE_DAY1_18000000.srt,88734,discovered,A1_JAKE_DAY1_18000000,ses_A1_JAKE_DAY1_A1_JAKE_DAY1_18000000,True
transcript,A1_JAKE,DAY1,A1_JAKE_DAY1_19000000.srt,EgoLifeCap/Transcript/A1_JAKE/DAY1/A1_JAKE_DAY1_19000000.srt,101463,discovered,A1_JAKE_DAY1_19000000,ses_A1_JAKE_DAY1_A1_JAKE_DAY1_19000000,True
transcript,A1_JAKE,DAY1,A1_JAKE_DAY1_20000000.srt,EgoLifeCap/Transcript/A1_JAKE/DAY1/A1_JAKE_DAY1_20000000.srt,42212,discovered,A1_JAKE_DAY1_20000000,ses_A1_JAKE_DAY1_A1_JAKE_DAY1_20000000,True
transcript,A1_JAKE,DAY1,A1_JAKE_DAY1_21000000.srt,EgoLifeCap/Transcript/A1_JAKE/DAY1/A1_JAKE_DAY1_21000000.srt,56851,discovered,A1_JAKE_DAY1_21000000,ses_A1_JAKE_DAY1_A1_JAKE_DAY1_21000000,True
transcript,A1_JAKE,DAY1,A1_JAKE_DAY1_22000000.srt,EgoLifeCap/Transcript/A1_JAKE/DAY1/A1_JAKE_DAY1_22000000.srt,18150,discovered,A1_JAKE_DAY1_22000000,ses_A1_JAKE_DAY1_A1_JAKE_DAY1_22000000,True
transcript,A1_JAKE,DAY2,A1_JAKE_DAY2_10000000.srt,EgoLifeCap/Transcript/A1_JAKE/DAY2/A1_JAKE_DAY2_10000000.srt,41598,discovered,A1_JAKE_DAY2_10000000,ses_A1_JAKE_DAY2_A1_JAKE_DAY2_10000000,True
transcript,A1_JAKE,DAY2,A1_JAKE_DAY2_11000000.srt,EgoLifeCap/Transcript/A1_JAKE/DAY2/A1_JAKE_DAY2_11000000.srt,140485,discovered,A1_JAKE_DAY2_11000000,ses_A1_JAKE_DAY2_A1_JAKE_DAY2_11000000,True
transcript,A1_JAKE,DAY2,A1_JAKE_DAY2_12000000.srt,EgoLifeCap/Transcript/A1_JAKE/DAY2/A1_JAKE_DAY2_12000000.srt,44623,discovered,A1_JAKE_DAY2_12000000,ses_A1_JAKE_DAY2_A1_JAKE_DAY2_12000000,True
transcript,A1_JAKE,DAY2,A1_JAKE_DAY2_13000000.srt,EgoLifeCap/Transcript/A1_JAKE/DAY2/A1_JAKE_DAY2_13000000.srt,91722,discovered,A1_JAKE_DAY2_13000000,ses_A1_JAKE_DAY2_A1_JAKE_DAY2_13000000,True
transcript,A1_JAKE,DAY2,A1_JAKE_DAY2_15000000.srt,EgoLifeCap/Transcript/A1_JAKE/DAY2/A1_JAKE_DAY2_15000000.srt,7700,discovered,A1_JAKE_DAY2_15000000,ses_A1_JAKE_DAY2_A1_JAKE_DAY2_15000000,True
transcript,A1_JAKE,DAY2,A1_JAKE_DAY2_16000000.srt,EgoLifeCap/Transcript/A1_JAKE/DAY2/A1_JAKE_DAY2_16000000.srt,105367,discovered,A1_JAKE_DAY2_16000000,ses_A1_JAKE_DAY2_A1_JAKE_DAY2_16000000,True
transcript,A1_JAKE,DAY2,A1_JAKE_DAY2_17000000.srt,EgoLifeCap/Transcript/A1_JAKE/DAY2/A1_JAKE_DAY2_17000000.srt,83206,discovered,A1_JAKE_DAY2_17000000,ses_A1_JAKE_DAY2_A1_JAKE_DAY2_17000000,True
transcript,A1_JAKE,DAY2,A1_JAKE_DAY2_18000000.srt,EgoLifeCap/Transcript/A1_JAKE/DAY2/A1_JAKE_DAY2_18000000.srt,71716,discovered,A1_JAKE_DAY2_18000000,ses_A1_JAKE_DAY2_A1_JAKE_DAY2_18000000,True
transcript,A1_JAKE,DAY2,A1_JAKE_DAY2_20000000.srt,EgoLifeCap/Transcript/A1_JAKE/DAY2/A1_JAKE_DAY2_20000000.srt,9062,discovered,A1_JAKE_DAY2_20000000,ses_A1_JAKE_DAY2_A1_JAKE_DAY2_20000000,True
transcript,A1_JAKE,DAY2,A1_JAKE_DAY2_21000000.srt,EgoLifeCap/Transcript/A1_JAKE/DAY2/A1_JAKE_DAY2_21000000.srt,80831,discovered,A1_JAKE_DAY2_21000000,ses_A1_JAKE_DAY2_A1_JAKE_DAY2_21000000,True
transcript,A1_JAKE,DAY2,A1_JAKE_DAY2_22000000.srt,EgoLifeCap/Transcript/A1_JAKE/DAY2/A1_JAKE_DAY2_22000000.srt,37127,discovered,A1_JAKE_DAY2_22000000,ses_A1_JAKE_DAY2_A1_JAKE_DAY2_22000000,True
transcript,A1_JAKE,DAY3,A1_JAKE_DAY3_11000000.srt,EgoLifeCap/Transcript/A1_JAKE/DAY3/A1_JAKE_DAY3_11000000.srt,69784,discovered,A1_JAKE_DAY3_11000000,ses_A1_JAKE_DAY3_A1_JAKE_DAY3_11000000,True
transcript,A1_JAKE,DAY3,A1_JAKE_DAY3_12000000.srt,EgoLifeCap/Transcript/A1_JAKE/DAY3/A1_JAKE_DAY3_12000000.srt,89452,discovered,A1_JAKE_DAY3_12000000,ses_A1_JAKE_DAY3_A1_JAKE_DAY3_12000000,True
transcript,A1_JAKE,DAY3,A1_JAKE_DAY3_14000000.srt,EgoLifeCap/Transcript/A1_JAKE/DAY3/A1_JAKE_DAY3_14000000.srt,29781,discovered,A1_JAKE_DAY3_14000000,ses_A1_JAKE_DAY3_A1_JAKE_DAY3_14000000,True
transcript,A1_JAKE,DAY3,A1_JAKE_DAY3_15000000.srt,EgoLifeCap/Transcript/A1_JAKE/DAY3/A1_JAKE_DAY3_15000000.srt,117094,discovered,A1_JAKE_DAY3_15000000,ses_A1_JAKE_DAY3_A1_JAKE_DAY3_15000000,True
transcript,A1_JAKE,DAY3,A1_JAKE_DAY3_16000000.srt,EgoLifeCap/Transcript/A1_JAKE/DAY3/A1_JAKE_DAY3_16000000.srt,123075,discovered,A1_JAKE_DAY3_16000000,ses_A1_JAKE_DAY3_A1_JAKE_DAY3_16000000,True
transcript,A1_JAKE,DAY3,A1_JAKE_DAY3_17000000.srt,EgoLifeCap/Transcript/A1_JAKE/DAY3/A1_JAKE_DAY3_17000000.srt,58060,discovered,A1_JAKE_DAY3_17000000,ses_A1_JAKE_DAY3_A1_JAKE_DAY3_17000000,True
transcript,A1_JAKE,DAY3,A1_JAKE_DAY3_18000000.srt,EgoLifeCap/Transcript/A1_JAKE/DAY3/A1_JAKE_DAY3_18000000.srt,21915,discovered,A1_JAKE_DAY3_18000000,ses_A1_JAKE_DAY3_A1_JAKE_DAY3_18000000,True
transcript,A1_JAKE,DAY3,A1_JAKE_DAY3_19000000.srt,EgoLifeCap/Transcript/A1_JAKE/DAY3/A1_JAKE_DAY3_19000000.srt,15978,discovered,A1_JAKE_DAY3_19000000,ses_A1_JAKE_DAY3_A1_JAKE_DAY3_19000000,True
transcript,A1_JAKE,DAY3,A1_JAKE_DAY3_20000000.srt,EgoLifeCap/Transcript/A1_JAKE/DAY3/A1_JAKE_DAY3_20000000.srt,92655,discovered,A1_JAKE_DAY3_20000000,ses_A1_JAKE_DAY3_A1_JAKE_DAY3_20000000,True
transcript,A1_JAKE,DAY3,A1_JAKE_DAY3_21000000.srt,EgoLifeCap/Transcript/A1_JAKE/DAY3/A1_JAKE_DAY3_21000000.srt,134696,discovered,A1_JAKE_DAY3_21000000,ses_A1_JAKE_DAY3_A1_JAKE_DAY3_21000000,True
transcript,A1_JAKE,DAY3,A1_JAKE_DAY3_22000000.srt,EgoLifeCap/Transcript/A1_JAKE/DAY3/A1_JAKE_DAY3_22000000.srt,83961,discovered,A1_JAKE_DAY3_22000000,ses_A1_JAKE_DAY3_A1_JAKE_DAY3_22000000,True
transcript,A1_JAKE,DAY4,A1_JAKE_DAY4_10000000.srt,EgoLifeCap/Transcript/A1_JAKE/DAY4/A1_JAKE_DAY4_10000000.srt,6128,discovered,A1_JAKE_DAY4_10000000,ses_A1_JAKE_DAY4_A1_JAKE_DAY4_10000000,True
transcript,A1_JAKE,DAY4,A1_JAKE_DAY4_11000000.srt,EgoLifeCap/Transcript/A1_JAKE/DAY4/A1_JAKE_DAY4_11000000.srt,60371,discovered,A1_JAKE_DAY4_11000000,ses_A1_JAKE_DAY4_A1_JAKE_DAY4_11000000,True
transcript,A1_JAKE,DAY4,A1_JAKE_DAY4_12000000.srt,EgoLifeCap/Transcript/A1_JAKE/DAY4/A1_JAKE_DAY4_12000000.srt,120611,discovered,A1_JAKE_DAY4_12000000,ses_A1_JAKE_DAY4_A1_JAKE_DAY4_12000000,True
transcript,A1_JAKE,DAY4,A1_JAKE_DAY4_13000000.srt,EgoLifeCap/Transcript/A1_JAKE/DAY4/A1_JAKE_DAY4_13000000.srt,61952,discovered,A1_JAKE_DAY4_13000000,ses_A1_JAKE_DAY4_A1_JAKE_DAY4_13000000,True
transcript,A1_JAKE,DAY4,A1_JAKE_DAY4_15000000.srt,EgoLifeCap/Transcript/A1_JAKE/DAY4/A1_JAKE_DAY4_15000000.srt,34412,discovered,A1_JAKE_DAY4_15000000,ses_A1_JAKE_DAY4_A1_JAKE_DAY4_15000000,True
transcript,A1_JAKE,DAY4,A1_JAKE_DAY4_16000000.srt,EgoLifeCap/Transcript/A1_JAKE/DAY4/A1_JAKE_DAY4_16000000.srt,69208,discovered,A1_JAKE_DAY4_16000000,ses_A1_JAKE_DAY4_A1_JAKE_DAY4_16000000,True
transcript,A1_JAKE,DAY4,A1_JAKE_DAY4_17000000.srt,EgoLifeCap/Transcript/A1_JAKE/DAY4/A1_JAKE_DAY4_17000000.srt,62522,discovered,A1_JAKE_DAY4_17000000,ses_A1_JAKE_DAY4_A1_JAKE_DAY4_17000000,True
transcript,A1_JAKE,DAY4,A1_JAKE_DAY4_18000000.srt,EgoLifeCap/Transcript/A1_JAKE/DAY4/A1_JAKE_DAY4_18000000.srt,34141,discovered,A1_JAKE_DAY4_18000000,ses_A1_JAKE_DAY4_A1_JAKE_DAY4_18000000,True
transcript,A1_JAKE,DAY4,A1_JAKE_DAY4_20000000.srt,EgoLifeCap/Transcript/A1_JAKE/DAY4/A1_JAKE_DAY4_20000000.srt,25897,discovered,A1_JAKE_DAY4_20000000,ses_A1_JAKE_DAY4_A1_JAKE_DAY4_20000000,True
transcript,A1_JAKE,DAY4,A1_JAKE_DAY4_21000000.srt,EgoLifeCap/Transcript/A1_JAKE/DAY4/A1_JAKE_DAY4_21000000.srt,96807,discovered,A1_JAKE_DAY4_21000000,ses_A1_JAKE_DAY4_A1_JAKE_DAY4_21000000,True
transcript,A1_JAKE,DAY4,A1_JAKE_DAY4_22000000.srt,EgoLifeCap/Transcript/A1_JAKE/DAY4/A1_JAKE_DAY4_22000000.srt,66227,discovered,A1_JAKE_DAY4_22000000,ses_A1_JAKE_DAY4_A1_JAKE_DAY4_22000000,True
transcript,A1_JAKE,DAY5,A1_JAKE_DAY5_11000000.srt,EgoLifeCap/Transcript/A1_JAKE/DAY5/A1_JAKE_DAY5_11000000.srt,74074,discovered,A1_JAKE_DAY5_11000000,ses_A1_JAKE_DAY5_A1_JAKE_DAY5_11000000,True
transcript,A1_JAKE,DAY5,A1_JAKE_DAY5_12000000.srt,EgoLifeCap/Transcript/A1_JAKE/DAY5/A1_JAKE_DAY5_12000000.srt,118454,discovered,A1_JAKE_DAY5_12000000,ses_A1_JAKE_DAY5_A1_JAKE_DAY5_12000000,True
transcript,A1_JAKE,DAY5,A1_JAKE_DAY5_13000000.srt,EgoLifeCap/Transcript/A1_JAKE/DAY5/A1_JAKE_DAY5_13000000.srt,584,discovered,A1_JAKE_DAY5_13000000,ses_A1_JAKE_DAY5_A1_JAKE_DAY5_13000000,True
transcript,A1_JAKE,DAY5,A1_JAKE_DAY5_15000000.srt,EgoLifeCap/Transcript/A1_JAKE/DAY5/A1_JAKE_DAY5_15000000.srt,67965,discovered,A1_JAKE_DAY5_15000000,ses_A1_JAKE_DAY5_A1_JAKE_DAY5_15000000,True
transcript,A1_JAKE,DAY5,A1_JAKE_DAY5_16000000.srt,EgoLifeCap/Transcript/A1_JAKE/DAY5/A1_JAKE_DAY5_16000000.srt,88954,discovered,A1_JAKE_DAY5_16000000,ses_A1_JAKE_DAY5_A1_JAKE_DAY5_16000000,True
transcript,A1_JAKE,DAY5,A1_JAKE_DAY5_17000000.srt,EgoLifeCap/Transcript/A1_JAKE/DAY5/A1_JAKE_DAY5_17000000.srt,6854,discovered,A1_JAKE_DAY5_17000000,ses_A1_JAKE_DAY5_A1_JAKE_DAY5_17000000,True
transcript,A1_JAKE,DAY5,A1_JAKE_DAY5_18000000.srt,EgoLifeCap/Transcript/A1_JAKE/DAY5/A1_JAKE_DAY5_18000000.srt,144910,discovered,A1_JAKE_DAY5_18000000,ses_A1_JAKE_DAY5_A1_JAKE_DAY5_18000000,True
transcript,A1_JAKE,DAY5,A1_JAKE_DAY5_19000000.srt,EgoLifeCap/Transcript/A1_JAKE/DAY5/A1_JAKE_DAY5_19000000.srt,101515,discovered,A1_JAKE_DAY5_19000000,ses_A1_JAKE_DAY5_A1_JAKE_DAY5_19000000,True
transcript,A1_JAKE,DAY5,A1_JAKE_DAY5_20000000.srt,EgoLifeCap/Transcript/A1_JAKE/DAY5/A1_JAKE_DAY5_20000000.srt,122889,discovered,A1_JAKE_DAY5_20000000,ses_A1_JAKE_DAY5_A1_JAKE_DAY5_20000000,True
transcript,A1_JAKE,DAY5,A1_JAKE_DAY5_21000000.srt,EgoLifeCap/Transcript/A1_JAKE/DAY5/A1_JAKE_DAY5_21000000.srt,7785,discovered,A1_JAKE_DAY5_21000000,ses_A1_JAKE_DAY5_A1_JAKE_DAY5_21000000,True
transcript,A1_JAKE,DAY6,A1_JAKE_DAY6_09000000.srt,EgoLifeCap/Transcript/A1_JAKE/DAY6/A1_JAKE_DAY6_09000000.srt,6476,discovered,A1_JAKE_DAY6_09000000,ses_A1_JAKE_DAY6_A1_JAKE_DAY6_09000000,True
transcript,A1_JAKE,DAY6,A1_JAKE_DAY6_10000000.srt,EgoLifeCap/Transcript/A1_JAKE/DAY6/A1_JAKE_DAY6_10000000.srt,81503,discovered,A1_JAKE_DAY6_10000000,ses_A1_JAKE_DAY6_A1_JAKE_DAY6_10000000,True
transcript,A1_JAKE,DAY6,A1_JAKE_DAY6_11000000.srt,EgoLifeCap/Transcript/A1_JAKE/DAY6/A1_JAKE_DAY6_11000000.srt,118957,discovered,A1_JAKE_DAY6_11000000,ses_A1_JAKE_DAY6_A1_JAKE_DAY6_11000000,True
transcript,A1_JAKE,DAY6,A1_JAKE_DAY6_12000000.srt,EgoLifeCap/Transcript/A1_JAKE/DAY6/A1_JAKE_DAY6_12000000.srt,81853,discovered,A1_JAKE_DAY6_12000000,ses_A1_JAKE_DAY6_A1_JAKE_DAY6_12000000,True
transcript,A1_JAKE,DAY6,A1_JAKE_DAY6_13000000.srt,EgoLifeCap/Transcript/A1_JAKE/DAY6/A1_JAKE_DAY6_13000000.srt,19471,discovered,A1_JAKE_DAY6_13000000,ses_A1_JAKE_DAY6_A1_JAKE_DAY6_13000000,True
transcript,A1_JAKE,DAY6,A1_JAKE_DAY6_15000000.srt,EgoLifeCap/Transcript/A1_JAKE/DAY6/A1_JAKE_DAY6_15000000.srt,79916,discovered,A1_JAKE_DAY6_15000000,ses_A1_JAKE_DAY6_A1_JAKE_DAY6_15000000,True
transcript,A1_JAKE,DAY6,A1_JAKE_DAY6_16000000.srt,EgoLifeCap/Transcript/A1_JAKE/DAY6/A1_JAKE_DAY6_16000000.srt,129053,discovered,A1_JAKE_DAY6_16000000,ses_A1_JAKE_DAY6_A1_JAKE_DAY6_16000000,True
transcript,A1_JAKE,DAY6,A1_JAKE_DAY6_17000000.srt,EgoLifeCap/Transcript/A1_JAKE/DAY6/A1_JAKE_DAY6_17000000.srt,63617,discovered,A1_JAKE_DAY6_17000000,ses_A1_JAKE_DAY6_A1_JAKE_DAY6_17000000,True
transcript,A1_JAKE,DAY6,A1_JAKE_DAY6_19000000.srt,EgoLifeCap/Transcript/A1_JAKE/DAY6/A1_JAKE_DAY6_19000000.srt,92854,discovered,A1_JAKE_DAY6_19000000,ses_A1_JAKE_DAY6_A1_JAKE_DAY6_19000000,True
transcript,A1_JAKE,DAY6,A1_JAKE_DAY6_20000000.srt,EgoLifeCap/Transcript/A1_JAKE/DAY6/A1_JAKE_DAY6_20000000.srt,97415,discovered,A1_JAKE_DAY6_20000000,ses_A1_JAKE_DAY6_A1_JAKE_DAY6_20000000,True
transcript,A1_JAKE,DAY6,A1_JAKE_DAY6_21000000.srt,EgoLifeCap/Transcript/A1_JAKE/DAY6/A1_JAKE_DAY6_21000000.srt,204876,discovered,A1_JAKE_DAY6_21000000,ses_A1_JAKE_DAY6_A1_JAKE_DAY6_21000000,True
transcript,A1_JAKE,DAY6,A1_JAKE_DAY6_22000000.srt,EgoLifeCap/Transcript/A1_JAKE/DAY6/A1_JAKE_DAY6_22000000.srt,41451,discovered,A1_JAKE_DAY6_22000000,ses_A1_JAKE_DAY6_A1_JAKE_DAY6_22000000,True
transcript,A1_JAKE,DAY7,A1_JAKE_DAY7_11000000.srt,EgoLifeCap/Transcript/A1_JAKE/DAY7/A1_JAKE_DAY7_11000000.srt,5592,discovered,A1_JAKE_DAY7_11000000,ses_A1_JAKE_DAY7_A1_JAKE_DAY7_11000000,True
transcript,A1_JAKE,DAY7,A1_JAKE_DAY7_12000000.srt,EgoLifeCap/Transcript/A1_JAKE/DAY7/A1_JAKE_DAY7_12000000.srt,109912,discovered,A1_JAKE_DAY7_12000000,ses_A1_JAKE_DAY7_A1_JAKE_DAY7_12000000,True
transcript,A1_JAKE,DAY7,A1_JAKE_DAY7_13000000.srt,EgoLifeCap/Transcript/A1_JAKE/DAY7/A1_JAKE_DAY7_13000000.srt,45373,discovered,A1_JAKE_DAY7_13000000,ses_A1_JAKE_DAY7_A1_JAKE_DAY7_13000000,True
transcript,A1_JAKE,DAY7,A1_JAKE_DAY7_14000000.srt,EgoLifeCap/Transcript/A1_JAKE/DAY7/A1_JAKE_DAY7_14000000.srt,30968,discovered,A1_JAKE_DAY7_14000000,ses_A1_JAKE_DAY7_A1_JAKE_DAY7_14000000,True
transcript,A1_JAKE,DAY7,A1_JAKE_DAY7_15000000.srt,EgoLifeCap/Transcript/A1_JAKE/DAY7/A1_JAKE_DAY7_15000000.srt,39185,discovered,A1_JAKE_DAY7_15000000,ses_A1_JAKE_DAY7_A1_JAKE_DAY7_15000000,True
transcript,A1_JAKE,DAY7,A1_JAKE_DAY7_17000000.srt,EgoLifeCap/Transcript/A1_JAKE/DAY7/A1_JAKE_DAY7_17000000.srt,61794,discovered,A1_JAKE_DAY7_17000000,ses_A1_JAKE_DAY7_A1_JAKE_DAY7_17000000,True
transcript,A1_JAKE,DAY7,A1_JAKE_DAY7_18000000.srt,EgoLifeCap/Transcript/A1_JAKE/DAY7/A1_JAKE_DAY7_18000000.srt,96991,discovered,A1_JAKE_DAY7_18000000,ses_A1_JAKE_DAY7_A1_JAKE_DAY7_18000000,True
transcript,A1_JAKE,DAY7,A1_JAKE_DAY7_19000000.srt,EgoLifeCap/Transcript/A1_JAKE/DAY7/A1_JAKE_DAY7_19000000.srt,62875,discovered,A1_JAKE_DAY7_19000000,ses_A1_JAKE_DAY7_A1_JAKE_DAY7_19000000,True
transcript,A1_JAKE,DAY7,A1_JAKE_DAY7_20000000.srt,EgoLifeCap/Transcript/A1_JAKE/DAY7/A1_JAKE_DAY7_20000000.srt,1202,discovered,A1_JAKE_DAY7_20000000,ses_A1_JAKE_DAY7_A1_JAKE_DAY7_20000000,True
transcript,A2_ALICE,DAY1,A2_ALICE_DAY1_11000000.srt,EgoLifeCap/Transcript/A2_ALICE/DAY1/A2_ALICE_DAY1_11000000.srt,131636,discovered,A2_ALICE_DAY1_11000000,ses_A2_ALICE_DAY1_A2_ALICE_DAY1_11000000,True
transcript,A2_ALICE,DAY1,A2_ALICE_DAY1_12000000.srt,EgoLifeCap/Transcript/A2_ALICE/DAY1/A2_ALICE_DAY1_12000000.srt,106133,discovered,A2_ALICE_DAY1_12000000,ses_A2_ALICE_DAY1_A2_ALICE_DAY1_12000000,True
transcript,A2_ALICE,DAY1,A2_ALICE_DAY1_13000000.srt,EgoLifeCap/Transcript/A2_ALICE/DAY1/A2_ALICE_DAY1_13000000.srt,124122,discovered,A2_ALICE_DAY1_13000000,ses_A2_ALICE_DAY1_A2_ALICE_DAY1_13000000,True
transcript,A2_ALICE,DAY1,A2_ALICE_DAY1_14000000.srt,EgoLifeCap/Transcript/A2_ALICE/DAY1/A2_ALICE_DAY1_14000000.srt,33473,discovered,A2_ALICE_DAY1_14000000,ses_A2_ALICE_DAY1_A2_ALICE_DAY1_14000000,True
transcript,A2_ALICE,DAY1,A2_ALICE_DAY1_17000000.srt,EgoLifeCap/Transcript/A2_ALICE/DAY1/A2_ALICE_DAY1_17000000.srt,126370,discovered,A2_ALICE_DAY1_17000000,ses_A2_ALICE_DAY1_A2_ALICE_DAY1_17000000,True
transcript,A2_ALICE,DAY1,A2_ALICE_DAY1_18000000.srt,EgoLifeCap/Transcript/A2_ALICE/DAY1/A2_ALICE_DAY1_18000000.srt,126792,discovered,A2_ALICE_DAY1_18000000,ses_A2_ALICE_DAY1_A2_ALICE_DAY1_18000000,True
transcript,A2_ALICE,DAY1,A2_ALICE_DAY1_19000000.srt,EgoLifeCap/Transcript/A2_ALICE/DAY1/A2_ALICE_DAY1_19000000.srt,145056,discovered,A2_ALICE_DAY1_19000000,ses_A2_ALICE_DAY1_A2_ALICE_DAY1_19000000,True
transcript,A2_ALICE,DAY1,A2_ALICE_DAY1_20000000.srt,EgoLifeCap/Transcript/A2_ALICE/DAY1/A2_ALICE_DAY1_20000000.srt,43660,discovered,A2_ALICE_DAY1_20000000,ses_A2_ALICE_DAY1_A2_ALICE_DAY1_20000000,True
transcript,A2_ALICE,DAY1,A2_ALICE_DAY1_21000000.srt,EgoLifeCap/Transcript/A2_ALICE/DAY1/A2_ALICE_DAY1_21000000.srt,42539,discovered,A2_ALICE_DAY1_21000000,ses_A2_ALICE_DAY1_A2_ALICE_DAY1_21000000,True
transcript,A2_ALICE,DAY1,A2_ALICE_DAY1_22000000.srt,EgoLifeCap/Transcript/A2_ALICE/DAY1/A2_ALICE_DAY1_22000000.srt,11709,discovered,A2_ALICE_DAY1_22000000,ses_A2_ALICE_DAY1_A2_ALICE_DAY1_22000000,True
transcript,A2_ALICE,DAY2,A2_ALICE_DAY2_10000000.srt,EgoLifeCap/Transcript/A2_ALICE/DAY2/A2_ALICE_DAY2_10000000.srt,46200,discovered,A2_ALICE_DAY2_10000000,ses_A2_ALICE_DAY2_A2_ALICE_DAY2_10000000,True
transcript,A2_ALICE,DAY2,A2_ALICE_DAY2_11000000.srt,EgoLifeCap/Transcript/A2_ALICE/DAY2/A2_ALICE_DAY2_11000000.srt,147960,discovered,A2_ALICE_DAY2_11000000,ses_A2_ALICE_DAY2_A2_ALICE_DAY2_11000000,True
transcript,A2_ALICE,DAY2,A2_ALICE_DAY2_12000000.srt,EgoLifeCap/Transcript/A2_ALICE/DAY2/A2_ALICE_DAY2_12000000.srt,65787,discovered,A2_ALICE_DAY2_12000000,ses_A2_ALICE_DAY2_A2_ALICE_DAY2_12000000,True
transcript,A2_ALICE,DAY2,A2_ALICE_DAY2_13000000.srt,EgoLifeCap/Transcript/A2_ALICE/DAY2/A2_ALICE_DAY2_13000000.srt,35311,discovered,A2_ALICE_DAY2_13000000,ses_A2_ALICE_DAY2_A2_ALICE_DAY2_13000000,True
transcript,A2_ALICE,DAY2,A2_ALICE_DAY2_15000000.srt,EgoLifeCap/Transcript/A2_ALICE/DAY2/A2_ALICE_DAY2_15000000.srt,34947,discovered,A2_ALICE_DAY2_15000000,ses_A2_ALICE_DAY2_A2_ALICE_DAY2_15000000,True
transcript,A2_ALICE,DAY2,A2_ALICE_DAY2_16000000.srt,EgoLifeCap/Transcript/A2_ALICE/DAY2/A2_ALICE_DAY2_16000000.srt,101199,discovered,A2_ALICE_DAY2_16000000,ses_A2_ALICE_DAY2_A2_ALICE_DAY2_16000000,True
transcript,A2_ALICE,DAY2,A2_ALICE_DAY2_17000000.srt,EgoLifeCap/Transcript/A2_ALICE/DAY2/A2_ALICE_DAY2_17000000.srt,74788,discovered,A2_ALICE_DAY2_17000000,ses_A2_ALICE_DAY2_A2_ALICE_DAY2_17000000,True
transcript,A2_ALICE,DAY2,A2_ALICE_DAY2_18000000.srt,EgoLifeCap/Transcript/A2_ALICE/DAY2/A2_ALICE_DAY2_18000000.srt,79750,discovered,A2_ALICE_DAY2_18000000,ses_A2_ALICE_DAY2_A2_ALICE_DAY2_18000000,True
transcript,A2_ALICE,DAY2,A2_ALICE_DAY2_20000000.srt,EgoLifeCap/Transcript/A2_ALICE/DAY2/A2_ALICE_DAY2_20000000.srt,9811,discovered,A2_ALICE_DAY2_20000000,ses_A2_ALICE_DAY2_A2_ALICE_DAY2_20000000,True
transcript,A2_ALICE,DAY2,A2_ALICE_DAY2_21000000.srt,EgoLifeCap/Transcript/A2_ALICE/DAY2/A2_ALICE_DAY2_21000000.srt,86445,discovered,A2_ALICE_DAY2_21000000,ses_A2_ALICE_DAY2_A2_ALICE_DAY2_21000000,True
transcript,A2_ALICE,DAY2,A2_ALICE_DAY2_22000000.srt,EgoLifeCap/Transcript/A2_ALICE/DAY2/A2_ALICE_DAY2_22000000.srt,99337,discovered,A2_ALICE_DAY2_22000000,ses_A2_ALICE_DAY2_A2_ALICE_DAY2_22000000,True
transcript,A2_ALICE,DAY3,A2_ALICE_DAY3_11000000.srt,EgoLifeCap/Transcript/A2_ALICE/DAY3/A2_ALICE_DAY3_11000000.srt,54636,discovered,A2_ALICE_DAY3_11000000,ses_A2_ALICE_DAY3_A2_ALICE_DAY3_11000000,True
transcript,A2_ALICE,DAY3,A2_ALICE_DAY3_12000000.srt,EgoLifeCap/Transcript/A2_ALICE/DAY3/A2_ALICE_DAY3_12000000.srt,91944,discovered,A2_ALICE_DAY3_12000000,ses_A2_ALICE_DAY3_A2_ALICE_DAY3_12000000,True
transcript,A2_ALICE,DAY3,A2_ALICE_DAY3_14000000.srt,EgoLifeCap/Transcript/A2_ALICE/DAY3/A2_ALICE_DAY3_14000000.srt,29801,discovered,A2_ALICE_DAY3_14000000,ses_A2_ALICE_DAY3_A2_ALICE_DAY3_14000000,True
transcript,A2_ALICE,DAY3,A2_ALICE_DAY3_15000000.srt,EgoLifeCap/Transcript/A2_ALICE/DAY3/A2_ALICE_DAY3_15000000.srt,112629,discovered,A2_ALICE_DAY3_15000000,ses_A2_ALICE_DAY3_A2_ALICE_DAY3_15000000,True
transcript,A2_ALICE,DAY3,A2_ALICE_DAY3_16000000.srt,EgoLifeCap/Transcript/A2_ALICE/DAY3/A2_ALICE_DAY3_16000000.srt,115758,discovered,A2_ALICE_DAY3_16000000,ses_A2_ALICE_DAY3_A2_ALICE_DAY3_16000000,True
transcript,A2_ALICE,DAY3,A2_ALICE_DAY3_17000000.srt,EgoLifeCap/Transcript/A2_ALICE/DAY3/A2_ALICE_DAY3_17000000.srt,67375,discovered,A2_ALICE_DAY3_17000000,ses_A2_ALICE_DAY3_A2_ALICE_DAY3_17000000,True
transcript,A2_ALICE,DAY3,A2_ALICE_DAY3_18000000.srt,EgoLifeCap/Transcript/A2_ALICE/DAY3/A2_ALICE_DAY3_18000000.srt,19308,discovered,A2_ALICE_DAY3_18000000,ses_A2_ALICE_DAY3_A2_ALICE_DAY3_18000000,True
transcript,A2_ALICE,DAY3,A2_ALICE_DAY3_19000000.srt,EgoLifeCap/Transcript/A2_ALICE/DAY3/A2_ALICE_DAY3_19000000.srt,13659,discovered,A2_ALICE_DAY3_19000000,ses_A2_ALICE_DAY3_A2_ALICE_DAY3_19000000,True
transcript,A2_ALICE,DAY3,A2_ALICE_DAY3_20000000.srt,EgoLifeCap/Transcript/A2_ALICE/DAY3/A2_ALICE_DAY3_20000000.srt,83767,discovered,A2_ALICE_DAY3_20000000,ses_A2_ALICE_DAY3_A2_ALICE_DAY3_20000000,True
transcript,A2_ALICE,DAY3,A2_ALICE_DAY3_21000000.srt,EgoLifeCap/Transcript/A2_ALICE/DAY3/A2_ALICE_DAY3_21000000.srt,66527,discovered,A2_ALICE_DAY3_21000000,ses_A2_ALICE_DAY3_A2_ALICE_DAY3_21000000,True
transcript,A2_ALICE,DAY3,A2_ALICE_DAY3_22000000.srt,EgoLifeCap/Transcript/A2_ALICE/DAY3/A2_ALICE_DAY3_22000000.srt,33134,discovered,A2_ALICE_DAY3_22000000,ses_A2_ALICE_DAY3_A2_ALICE_DAY3_22000000,True
transcript,A2_ALICE,DAY4,A2_ALICE_DAY4_10000000.srt,EgoLifeCap/Transcript/A2_ALICE/DAY4/A2_ALICE_DAY4_10000000.srt,5061,discovered,A2_ALICE_DAY4_10000000,ses_A2_ALICE_DAY4_A2_ALICE_DAY4_10000000,True
transcript,A2_ALICE,DAY4,A2_ALICE_DAY4_11000000.srt,EgoLifeCap/Transcript/A2_ALICE/DAY4/A2_ALICE_DAY4_11000000.srt,68029,discovered,A2_ALICE_DAY4_11000000,ses_A2_ALICE_DAY4_A2_ALICE_DAY4_11000000,True
transcript,A2_ALICE,DAY4,A2_ALICE_DAY4_12000000.srt,EgoLifeCap/Transcript/A2_ALICE/DAY4/A2_ALICE_DAY4_12000000.srt,129013,discovered,A2_ALICE_DAY4_12000000,ses_A2_ALICE_DAY4_A2_ALICE_DAY4_12000000,True
transcript,A2_ALICE,DAY4,A2_ALICE_DAY4_13000000.srt,EgoLifeCap/Transcript/A2_ALICE/DAY4/A2_ALICE_DAY4_13000000.srt,70986,discovered,A2_ALICE_DAY4_13000000,ses_A2_ALICE_DAY4_A2_ALICE_DAY4_13000000,True
transcript,A2_ALICE,DAY4,A2_ALICE_DAY4_18000000.srt,EgoLifeCap/Transcript/A2_ALICE/DAY4/A2_ALICE_DAY4_18000000.srt,7429,discovered,A2_ALICE_DAY4_18000000,ses_A2_ALICE_DAY4_A2_ALICE_DAY4_18000000,True
transcript,A2_ALICE,DAY4,A2_ALICE_DAY4_19000000.srt,EgoLifeCap/Transcript/A2_ALICE/DAY4/A2_ALICE_DAY4_19000000.srt,1169,discovered,A2_ALICE_DAY4_19000000,ses_A2_ALICE_DAY4_A2_ALICE_DAY4_19000000,True
transcript,A2_ALICE,DAY4,A2_ALICE_DAY4_20000000.srt,EgoLifeCap/Transcript/A2_ALICE/DAY4/A2_ALICE_DAY4_20000000.srt,23066,discovered,A2_ALICE_DAY4_20000000,ses_A2_ALICE_DAY4_A2_ALICE_DAY4_20000000,True
transcript,A2_ALICE,DAY4,A2_ALICE_DAY4_21000000.srt,EgoLifeCap/Transcript/A2_ALICE/DAY4/A2_ALICE_DAY4_21000000.srt,70097,discovered,A2_ALICE_DAY4_21000000,ses_A2_ALICE_DAY4_A2_ALICE_DAY4_21000000,True
transcript,A2_ALICE,DAY4,A2_ALICE_DAY4_22000000.srt,EgoLifeCap/Transcript/A2_ALICE/DAY4/A2_ALICE_DAY4_22000000.srt,67402,discovered,A2_ALICE_DAY4_22000000,ses_A2_ALICE_DAY4_A2_ALICE_DAY4_22000000,True
transcript,A2_ALICE,DAY5,A2_ALICE_DAY5_11000000.srt,EgoLifeCap/Transcript/A2_ALICE/DAY5/A2_ALICE_DAY5_11000000.srt,52839,discovered,A2_ALICE_DAY5_11000000,ses_A2_ALICE_DAY5_A2_ALICE_DAY5_11000000,True
transcript,A2_ALICE,DAY5,A2_ALICE_DAY5_12000000.srt,EgoLifeCap/Transcript/A2_ALICE/DAY5/A2_ALICE_DAY5_12000000.srt,83115,discovered,A2_ALICE_DAY5_12000000,ses_A2_ALICE_DAY5_A2_ALICE_DAY5_12000000,True
transcript,A2_ALICE,DAY5,A2_ALICE_DAY5_15000000.srt,EgoLifeCap/Transcript/A2_ALICE/DAY5/A2_ALICE_DAY5_15000000.srt,1359,discovered,A2_ALICE_DAY5_15000000,ses_A2_ALICE_DAY5_A2_ALICE_DAY5_15000000,True
transcript,A2_ALICE,DAY5,A2_ALICE_DAY5_16000000.srt,EgoLifeCap/Transcript/A2_ALICE/DAY5/A2_ALICE_DAY5_16000000.srt,8782,discovered,A2_ALICE_DAY5_16000000,ses_A2_ALICE_DAY5_A2_ALICE_DAY5_16000000,True
transcript,A2_ALICE,DAY5,A2_ALICE_DAY5_18000000.srt,EgoLifeCap/Transcript/A2_ALICE/DAY5/A2_ALICE_DAY5_18000000.srt,82317,discovered,A2_ALICE_DAY5_18000000,ses_A2_ALICE_DAY5_A2_ALICE_DAY5_18000000,True
transcript,A2_ALICE,DAY5,A2_ALICE_DAY5_19000000.srt,EgoLifeCap/Transcript/A2_ALICE/DAY5/A2_ALICE_DAY5_19000000.srt,62798,discovered,A2_ALICE_DAY5_19000000,ses_A2_ALICE_DAY5_A2_ALICE_DAY5_19000000,True
transcript,A2_ALICE,DAY5,A2_ALICE_DAY5_20000000.srt,EgoLifeCap/Transcript/A2_ALICE/DAY5/A2_ALICE_DAY5_20000000.srt,139332,discovered,A2_ALICE_DAY5_20000000,ses_A2_ALICE_DAY5_A2_ALICE_DAY5_20000000,True
transcript,A2_ALICE,DAY5,A2_ALICE_DAY5_21000000.srt,EgoLifeCap/Transcript/A2_ALICE/DAY5/A2_ALICE_DAY5_21000000.srt,10896,discovered,A2_ALICE_DAY5_21000000,ses_A2_ALICE_DAY5_A2_ALICE_DAY5_21000000,True
transcript,A2_ALICE,DAY6,A2_ALICE_DAY6_10000000.srt,EgoLifeCap/Transcript/A2_ALICE/DAY6/A2_ALICE_DAY6_10000000.srt,49436,discovered,A2_ALICE_DAY6_10000000,ses_A2_ALICE_DAY6_A2_ALICE_DAY6_10000000,True
transcript,A2_ALICE,DAY6,A2_ALICE_DAY6_11000000.srt,EgoLifeCap/Transcript/A2_ALICE/DAY6/A2_ALICE_DAY6_11000000.srt,81812,discovered,A2_ALICE_DAY6_11000000,ses_A2_ALICE_DAY6_A2_ALICE_DAY6_11000000,True
transcript,A2_ALICE,DAY6,A2_ALICE_DAY6_12000000.srt,EgoLifeCap/Transcript/A2_ALICE/DAY6/A2_ALICE_DAY6_12000000.srt,31277,discovered,A2_ALICE_DAY6_12000000,ses_A2_ALICE_DAY6_A2_ALICE_DAY6_12000000,True
transcript,A2_ALICE,DAY6,A2_ALICE_DAY6_13000000.srt,EgoLifeCap/Transcript/A2_ALICE/DAY6/A2_ALICE_DAY6_13000000.srt,10519,discovered,A2_ALICE_DAY6_13000000,ses_A2_ALICE_DAY6_A2_ALICE_DAY6_13000000,True
transcript,A2_ALICE,DAY6,A2_ALICE_DAY6_14000000.srt,EgoLifeCap/Transcript/A2_ALICE/DAY6/A2_ALICE_DAY6_14000000.srt,22848,discovered,A2_ALICE_DAY6_14000000,ses_A2_ALICE_DAY6_A2_ALICE_DAY6_14000000,True
transcript,A2_ALICE,DAY6,A2_ALICE_DAY6_15000000.srt,EgoLifeCap/Transcript/A2_ALICE/DAY6/A2_ALICE_DAY6_15000000.srt,87665,discovered,A2_ALICE_DAY6_15000000,ses_A2_ALICE_DAY6_A2_ALICE_DAY6_15000000,True
transcript,A2_ALICE,DAY6,A2_ALICE_DAY6_16000000.srt,EgoLifeCap/Transcript/A2_ALICE/DAY6/A2_ALICE_DAY6_16000000.srt,116131,discovered,A2_ALICE_DAY6_16000000,ses_A2_ALICE_DAY6_A2_ALICE_DAY6_16000000,True
transcript,A2_ALICE,DAY6,A2_ALICE_DAY6_17000000.srt,EgoLifeCap/Transcript/A2_ALICE/DAY6/A2_ALICE_DAY6_17000000.srt,99057,discovered,A2_ALICE_DAY6_17000000,ses_A2_ALICE_DAY6_A2_ALICE_DAY6_17000000,True
transcript,A2_ALICE,DAY6,A2_ALICE_DAY6_19000000.srt,EgoLifeCap/Transcript/A2_ALICE/DAY6/A2_ALICE_DAY6_19000000.srt,111999,discovered,A2_ALICE_DAY6_19000000,ses_A2_ALICE_DAY6_A2_ALICE_DAY6_19000000,True
transcript,A2_ALICE,DAY6,A2_ALICE_DAY6_20000000.srt,EgoLifeCap/Transcript/A2_ALICE/DAY6/A2_ALICE_DAY6_20000000.srt,97006,discovered,A2_ALICE_DAY6_20000000,ses_A2_ALICE_DAY6_A2_ALICE_DAY6_20000000,True
transcript,A2_ALICE,DAY6,A2_ALICE_DAY6_21000000.srt,EgoLifeCap/Transcript/A2_ALICE/DAY6/A2_ALICE_DAY6_21000000.srt,118470,discovered,A2_ALICE_DAY6_21000000,ses_A2_ALICE_DAY6_A2_ALICE_DAY6_21000000,True
transcript,A2_ALICE,DAY7,A2_ALICE_DAY7_12000000.srt,EgoLifeCap/Transcript/A2_ALICE/DAY7/A2_ALICE_DAY7_12000000.srt,98394,discovered,A2_ALICE_DAY7_12000000,ses_A2_ALICE_DAY7_A2_ALICE_DAY7_12000000,True
transcript,A2_ALICE,DAY7,A2_ALICE_DAY7_13000000.srt,EgoLifeCap/Transcript/A2_ALICE/DAY7/A2_ALICE_DAY7_13000000.srt,69643,discovered,A2_ALICE_DAY7_13000000,ses_A2_ALICE_DAY7_A2_ALICE_DAY7_13000000,True
transcript,A2_ALICE,DAY7,A2_ALICE_DAY7_14000000.srt,EgoLifeCap/Transcript/A2_ALICE/DAY7/A2_ALICE_DAY7_14000000.srt,25503,discovered,A2_ALICE_DAY7_14000000,ses_A2_ALICE_DAY7_A2_ALICE_DAY7_14000000,True
transcript,A2_ALICE,DAY7,A2_ALICE_DAY7_15000000.srt,EgoLifeCap/Transcript/A2_ALICE/DAY7/A2_ALICE_DAY7_15000000.srt,74666,discovered,A2_ALICE_DAY7_15000000,ses_A2_ALICE_DAY7_A2_ALICE_DAY7_15000000,True
transcript,A2_ALICE,DAY7,A2_ALICE_DAY7_17000000.srt,EgoLifeCap/Transcript/A2_ALICE/DAY7/A2_ALICE_DAY7_17000000.srt,5061,discovered,A2_ALICE_DAY7_17000000,ses_A2_ALICE_DAY7_A2_ALICE_DAY7_17000000,True
transcript,A2_ALICE,DAY7,A2_ALICE_DAY7_18000000.srt,EgoLifeCap/Transcript/A2_ALICE/DAY7/A2_ALICE_DAY7_18000000.srt,108246,discovered,A2_ALICE_DAY7_18000000,ses_A2_ALICE_DAY7_A2_ALICE_DAY7_18000000,True
transcript,A2_ALICE,DAY7,A2_ALICE_DAY7_19000000.srt,EgoLifeCap/Transcript/A2_ALICE/DAY7/A2_ALICE_DAY7_19000000.srt,41744,discovered,A2_ALICE_DAY7_19000000,ses_A2_ALICE_DAY7_A2_ALICE_DAY7_19000000,True
transcript,A3_TASHA,DAY1,A3_TASHA_DAY1_11000000.srt,EgoLifeCap/Transcript/A3_TASHA/DAY1/A3_TASHA_DAY1_11000000.srt,129834,discovered,A3_TASHA_DAY1_11000000,ses_A3_TASHA_DAY1_A3_TASHA_DAY1_11000000,True
transcript,A3_TASHA,DAY1,A3_TASHA_DAY1_12000000.srt,EgoLifeCap/Transcript/A3_TASHA/DAY1/A3_TASHA_DAY1_12000000.srt,156238,discovered,A3_TASHA_DAY1_12000000,ses_A3_TASHA_DAY1_A3_TASHA_DAY1_12000000,True
transcript,A3_TASHA,DAY1,A3_TASHA_DAY1_13000000.srt,EgoLifeCap/Transcript/A3_TASHA/DAY1/A3_TASHA_DAY1_13000000.srt,123371,discovered,A3_TASHA_DAY1_13000000,ses_A3_TASHA_DAY1_A3_TASHA_DAY1_13000000,True
transcript,A3_TASHA,DAY1,A3_TASHA_DAY1_14000000.srt,EgoLifeCap/Transcript/A3_TASHA/DAY1/A3_TASHA_DAY1_14000000.srt,33176,discovered,A3_TASHA_DAY1_14000000,ses_A3_TASHA_DAY1_A3_TASHA_DAY1_14000000,True
transcript,A3_TASHA,DAY1,A3_TASHA_DAY1_17000000.srt,EgoLifeCap/Transcript/A3_TASHA/DAY1/A3_TASHA_DAY1_17000000.srt,120812,discovered,A3_TASHA_DAY1_17000000,ses_A3_TASHA_DAY1_A3_TASHA_DAY1_17000000,True
transcript,A3_TASHA,DAY1,A3_TASHA_DAY1_18000000.srt,EgoLifeCap/Transcript/A3_TASHA/DAY1/A3_TASHA_DAY1_18000000.srt,122530,discovered,A3_TASHA_DAY1_18000000,ses_A3_TASHA_DAY1_A3_TASHA_DAY1_18000000,True
transcript,A3_TASHA,DAY1,A3_TASHA_DAY1_19000000.srt,EgoLifeCap/Transcript/A3_TASHA/DAY1/A3_TASHA_DAY1_19000000.srt,133491,discovered,A3_TASHA_DAY1_19000000,ses_A3_TASHA_DAY1_A3_TASHA_DAY1_19000000,True
transcript,A3_TASHA,DAY1,A3_TASHA_DAY1_20000000.srt,EgoLifeCap/Transcript/A3_TASHA/DAY1/A3_TASHA_DAY1_20000000.srt,78360,discovered,A3_TASHA_DAY1_20000000,ses_A3_TASHA_DAY1_A3_TASHA_DAY1_20000000,True
transcript,A3_TASHA,DAY2,A3_TASHA_DAY2_10000000.srt,EgoLifeCap/Transcript/A3_TASHA/DAY2/A3_TASHA_DAY2_10000000.srt,46495,discovered,A3_TASHA_DAY2_10000000,ses_A3_TASHA_DAY2_A3_TASHA_DAY2_10000000,True
transcript,A3_TASHA,DAY2,A3_TASHA_DAY2_11000000.srt,EgoLifeCap/Transcript/A3_TASHA/DAY2/A3_TASHA_DAY2_11000000.srt,144182,discovered,A3_TASHA_DAY2_11000000,ses_A3_TASHA_DAY2_A3_TASHA_DAY2_11000000,True
transcript,A3_TASHA,DAY2,A3_TASHA_DAY2_12000000.srt,EgoLifeCap/Transcript/A3_TASHA/DAY2/A3_TASHA_DAY2_12000000.srt,37683,discovered,A3_TASHA_DAY2_12000000,ses_A3_TASHA_DAY2_A3_TASHA_DAY2_12000000,True
transcript,A3_TASHA,DAY2,A3_TASHA_DAY2_13000000.srt,EgoLifeCap/Transcript/A3_TASHA/DAY2/A3_TASHA_DAY2_13000000.srt,36543,discovered,A3_TASHA_DAY2_13000000,ses_A3_TASHA_DAY2_A3_TASHA_DAY2_13000000,True
transcript,A3_TASHA,DAY2,A3_TASHA_DAY2_15000000.srt,EgoLifeCap/Transcript/A3_TASHA/DAY2/A3_TASHA_DAY2_15000000.srt,2261,discovered,A3_TASHA_DAY2_15000000,ses_A3_TASHA_DAY2_A3_TASHA_DAY2_15000000,True
transcript,A3_TASHA,DAY2,A3_TASHA_DAY2_16000000.srt,EgoLifeCap/Transcript/A3_TASHA/DAY2/A3_TASHA_DAY2_16000000.srt,95999,discovered,A3_TASHA_DAY2_16000000,ses_A3_TASHA_DAY2_A3_TASHA_DAY2_16000000,True
transcript,A3_TASHA,DAY2,A3_TASHA_DAY2_17000000.srt,EgoLifeCap/Transcript/A3_TASHA/DAY2/A3_TASHA_DAY2_17000000.srt,64300,discovered,A3_TASHA_DAY2_17000000,ses_A3_TASHA_DAY2_A3_TASHA_DAY2_17000000,True
transcript,A3_TASHA,DAY2,A3_TASHA_DAY2_18000000.srt,EgoLifeCap/Transcript/A3_TASHA/DAY2/A3_TASHA_DAY2_18000000.srt,82053,discovered,A3_TASHA_DAY2_18000000,ses_A3_TASHA_DAY2_A3_TASHA_DAY2_18000000,True
transcript,A3_TASHA,DAY2,A3_TASHA_DAY2_20000000.srt,EgoLifeCap/Transcript/A3_TASHA/DAY2/A3_TASHA_DAY2_20000000.srt,9309,discovered,A3_TASHA_DAY2_20000000,ses_A3_TASHA_DAY2_A3_TASHA_DAY2_20000000,True
transcript,A3_TASHA,DAY2,A3_TASHA_DAY2_21000000.srt,EgoLifeCap/Transcript/A3_TASHA/DAY2/A3_TASHA_DAY2_21000000.srt,102171,discovered,A3_TASHA_DAY2_21000000,ses_A3_TASHA_DAY2_A3_TASHA_DAY2_21000000,True
transcript,A3_TASHA,DAY2,A3_TASHA_DAY2_22000000.srt,EgoLifeCap/Transcript/A3_TASHA/DAY2/A3_TASHA_DAY2_22000000.srt,28160,discovered,A3_TASHA_DAY2_22000000,ses_A3_TASHA_DAY2_A3_TASHA_DAY2_22000000,True
transcript,A3_TASHA,DAY3,A3_TASHA_DAY3_11000000.srt,EgoLifeCap/Transcript/A3_TASHA/DAY3/A3_TASHA_DAY3_11000000.srt,38340,discovered,A3_TASHA_DAY3_11000000,ses_A3_TASHA_DAY3_A3_TASHA_DAY3_11000000,True
transcript,A3_TASHA,DAY3,A3_TASHA_DAY3_12000000.srt,EgoLifeCap/Transcript/A3_TASHA/DAY3/A3_TASHA_DAY3_12000000.srt,82041,discovered,A3_TASHA_DAY3_12000000,ses_A3_TASHA_DAY3_A3_TASHA_DAY3_12000000,True
transcript,A3_TASHA,DAY3,A3_TASHA_DAY3_14000000.srt,EgoLifeCap/Transcript/A3_TASHA/DAY3/A3_TASHA_DAY3_14000000.srt,28788,discovered,A3_TASHA_DAY3_14000000,ses_A3_TASHA_DAY3_A3_TASHA_DAY3_14000000,True
transcript,A3_TASHA,DAY3,A3_TASHA_DAY3_15000000.srt,EgoLifeCap/Transcript/A3_TASHA/DAY3/A3_TASHA_DAY3_15000000.srt,106511,discovered,A3_TASHA_DAY3_15000000,ses_A3_TASHA_DAY3_A3_TASHA_DAY3_15000000,True
transcript,A3_TASHA,DAY3,A3_TASHA_DAY3_16000000.srt,EgoLifeCap/Transcript/A3_TASHA/DAY3/A3_TASHA_DAY3_16000000.srt,83863,discovered,A3_TASHA_DAY3_16000000,ses_A3_TASHA_DAY3_A3_TASHA_DAY3_16000000,True
transcript,A3_TASHA,DAY3,A3_TASHA_DAY3_17000000.srt,EgoLifeCap/Transcript/A3_TASHA/DAY3/A3_TASHA_DAY3_17000000.srt,54052,discovered,A3_TASHA_DAY3_17000000,ses_A3_TASHA_DAY3_A3_TASHA_DAY3_17000000,True
transcript,A3_TASHA,DAY3,A3_TASHA_DAY3_18000000.srt,EgoLifeCap/Transcript/A3_TASHA/DAY3/A3_TASHA_DAY3_18000000.srt,16342,discovered,A3_TASHA_DAY3_18000000,ses_A3_TASHA_DAY3_A3_TASHA_DAY3_18000000,True
transcript,A3_TASHA,DAY3,A3_TASHA_DAY3_20000000.srt,EgoLifeCap/Transcript/A3_TASHA/DAY3/A3_TASHA_DAY3_20000000.srt,123358,discovered,A3_TASHA_DAY3_20000000,ses_A3_TASHA_DAY3_A3_TASHA_DAY3_20000000,True
transcript,A3_TASHA,DAY3,A3_TASHA_DAY3_21000000.srt,EgoLifeCap/Transcript/A3_TASHA/DAY3/A3_TASHA_DAY3_21000000.srt,59386,discovered,A3_TASHA_DAY3_21000000,ses_A3_TASHA_DAY3_A3_TASHA_DAY3_21000000,True
transcript,A3_TASHA,DAY3,A3_TASHA_DAY3_22000000.srt,EgoLifeCap/Transcript/A3_TASHA/DAY3/A3_TASHA_DAY3_22000000.srt,37638,discovered,A3_TASHA_DAY3_22000000,ses_A3_TASHA_DAY3_A3_TASHA_DAY3_22000000,True
transcript,A3_TASHA,DAY4,A3_TASHA_DAY4_11000000.srt,EgoLifeCap/Transcript/A3_TASHA/DAY4/A3_TASHA_DAY4_11000000.srt,74984,discovered,A3_TASHA_DAY4_11000000,ses_A3_TASHA_DAY4_A3_TASHA_DAY4_11000000,True
transcript,A3_TASHA,DAY4,A3_TASHA_DAY4_12000000.srt,EgoLifeCap/Transcript/A3_TASHA/DAY4/A3_TASHA_DAY4_12000000.srt,90392,discovered,A3_TASHA_DAY4_12000000,ses_A3_TASHA_DAY4_A3_TASHA_DAY4_12000000,True
transcript,A3_TASHA,DAY4,A3_TASHA_DAY4_13000000.srt,EgoLifeCap/Transcript/A3_TASHA/DAY4/A3_TASHA_DAY4_13000000.srt,66708,discovered,A3_TASHA_DAY4_13000000,ses_A3_TASHA_DAY4_A3_TASHA_DAY4_13000000,True
transcript,A3_TASHA,DAY4,A3_TASHA_DAY4_15000000.srt,EgoLifeCap/Transcript/A3_TASHA/DAY4/A3_TASHA_DAY4_15000000.srt,48292,discovered,A3_TASHA_DAY4_15000000,ses_A3_TASHA_DAY4_A3_TASHA_DAY4_15000000,True
transcript,A3_TASHA,DAY4,A3_TASHA_DAY4_16000000.srt,EgoLifeCap/Transcript/A3_TASHA/DAY4/A3_TASHA_DAY4_16000000.srt,62761,discovered,A3_TASHA_DAY4_16000000,ses_A3_TASHA_DAY4_A3_TASHA_DAY4_16000000,True
transcript,A3_TASHA,DAY4,A3_TASHA_DAY4_17000000.srt,EgoLifeCap/Transcript/A3_TASHA/DAY4/A3_TASHA_DAY4_17000000.srt,38081,discovered,A3_TASHA_DAY4_17000000,ses_A3_TASHA_DAY4_A3_TASHA_DAY4_17000000,True
transcript,A3_TASHA,DAY4,A3_TASHA_DAY4_18000000.srt,EgoLifeCap/Transcript/A3_TASHA/DAY4/A3_TASHA_DAY4_18000000.srt,46157,discovered,A3_TASHA_DAY4_18000000,ses_A3_TASHA_DAY4_A3_TASHA_DAY4_18000000,True
transcript,A3_TASHA,DAY4,A3_TASHA_DAY4_21000000.srt,EgoLifeCap/Transcript/A3_TASHA/DAY4/A3_TASHA_DAY4_21000000.srt,94341,discovered,A3_TASHA_DAY4_21000000,ses_A3_TASHA_DAY4_A3_TASHA_DAY4_21000000,True
transcript,A3_TASHA,DAY4,A3_TASHA_DAY4_22000000.srt,EgoLifeCap/Transcript/A3_TASHA/DAY4/A3_TASHA_DAY4_22000000.srt,53273,discovered,A3_TASHA_DAY4_22000000,ses_A3_TASHA_DAY4_A3_TASHA_DAY4_22000000,True
transcript,A3_TASHA,DAY5,A3_TASHA_DAY5_11000000.srt,EgoLifeCap/Transcript/A3_TASHA/DAY5/A3_TASHA_DAY5_11000000.srt,25138,discovered,A3_TASHA_DAY5_11000000,ses_A3_TASHA_DAY5_A3_TASHA_DAY5_11000000,True
transcript,A3_TASHA,DAY5,A3_TASHA_DAY5_12000000.srt,EgoLifeCap/Transcript/A3_TASHA/DAY5/A3_TASHA_DAY5_12000000.srt,46706,discovered,A3_TASHA_DAY5_12000000,ses_A3_TASHA_DAY5_A3_TASHA_DAY5_12000000,True
transcript,A3_TASHA,DAY5,A3_TASHA_DAY5_14000000.srt,EgoLifeCap/Transcript/A3_TASHA/DAY5/A3_TASHA_DAY5_14000000.srt,12108,discovered,A3_TASHA_DAY5_14000000,ses_A3_TASHA_DAY5_A3_TASHA_DAY5_14000000,True
transcript,A3_TASHA,DAY5,A3_TASHA_DAY5_15000000.srt,EgoLifeCap/Transcript/A3_TASHA/DAY5/A3_TASHA_DAY5_15000000.srt,90494,discovered,A3_TASHA_DAY5_15000000,ses_A3_TASHA_DAY5_A3_TASHA_DAY5_15000000,True
transcript,A3_TASHA,DAY5,A3_TASHA_DAY5_16000000.srt,EgoLifeCap/Transcript/A3_TASHA/DAY5/A3_TASHA_DAY5_16000000.srt,63704,discovered,A3_TASHA_DAY5_16000000,ses_A3_TASHA_DAY5_A3_TASHA_DAY5_16000000,True
transcript,A3_TASHA,DAY5,A3_TASHA_DAY5_17000000.srt,EgoLifeCap/Transcript/A3_TASHA/DAY5/A3_TASHA_DAY5_17000000.srt,1658,discovered,A3_TASHA_DAY5_17000000,ses_A3_TASHA_DAY5_A3_TASHA_DAY5_17000000,True
transcript,A3_TASHA,DAY5,A3_TASHA_DAY5_18000000.srt,EgoLifeCap/Transcript/A3_TASHA/DAY5/A3_TASHA_DAY5_18000000.srt,153208,discovered,A3_TASHA_DAY5_18000000,ses_A3_TASHA_DAY5_A3_TASHA_DAY5_18000000,True
transcript,A3_TASHA,DAY5,A3_TASHA_DAY5_19000000.srt,EgoLifeCap/Transcript/A3_TASHA/DAY5/A3_TASHA_DAY5_19000000.srt,62173,discovered,A3_TASHA_DAY5_19000000,ses_A3_TASHA_DAY5_A3_TASHA_DAY5_19000000,True
transcript,A3_TASHA,DAY5,A3_TASHA_DAY5_22000000.srt,EgoLifeCap/Transcript/A3_TASHA/DAY5/A3_TASHA_DAY5_22000000.srt,79840,discovered,A3_TASHA_DAY5_22000000,ses_A3_TASHA_DAY5_A3_TASHA_DAY5_22000000,True
transcript,A3_TASHA,DAY6,A3_TASHA_DAY6_10000000.srt,EgoLifeCap/Transcript/A3_TASHA/DAY6/A3_TASHA_DAY6_10000000.srt,49384,discovered,A3_TASHA_DAY6_10000000,ses_A3_TASHA_DAY6_A3_TASHA_DAY6_10000000,True
transcript,A3_TASHA,DAY6,A3_TASHA_DAY6_11000000.srt,EgoLifeCap/Transcript/A3_TASHA/DAY6/A3_TASHA_DAY6_11000000.srt,118315,discovered,A3_TASHA_DAY6_11000000,ses_A3_TASHA_DAY6_A3_TASHA_DAY6_11000000,True
transcript,A3_TASHA,DAY6,A3_TASHA_DAY6_12000000.srt,EgoLifeCap/Transcript/A3_TASHA/DAY6/A3_TASHA_DAY6_12000000.srt,41208,discovered,A3_TASHA_DAY6_12000000,ses_A3_TASHA_DAY6_A3_TASHA_DAY6_12000000,True
transcript,A3_TASHA,DAY6,A3_TASHA_DAY6_13000000.srt,EgoLifeCap/Transcript/A3_TASHA/DAY6/A3_TASHA_DAY6_13000000.srt,14264,discovered,A3_TASHA_DAY6_13000000,ses_A3_TASHA_DAY6_A3_TASHA_DAY6_13000000,True
transcript,A3_TASHA,DAY6,A3_TASHA_DAY6_14000000.srt,EgoLifeCap/Transcript/A3_TASHA/DAY6/A3_TASHA_DAY6_14000000.srt,24006,discovered,A3_TASHA_DAY6_14000000,ses_A3_TASHA_DAY6_A3_TASHA_DAY6_14000000,True
transcript,A3_TASHA,DAY6,A3_TASHA_DAY6_15000000.srt,EgoLifeCap/Transcript/A3_TASHA/DAY6/A3_TASHA_DAY6_15000000.srt,97692,discovered,A3_TASHA_DAY6_15000000,ses_A3_TASHA_DAY6_A3_TASHA_DAY6_15000000,True
transcript,A3_TASHA,DAY6,A3_TASHA_DAY6_16000000.srt,EgoLifeCap/Transcript/A3_TASHA/DAY6/A3_TASHA_DAY6_16000000.srt,123681,discovered,A3_TASHA_DAY6_16000000,ses_A3_TASHA_DAY6_A3_TASHA_DAY6_16000000,True
transcript,A3_TASHA,DAY6,A3_TASHA_DAY6_17000000.srt,EgoLifeCap/Transcript/A3_TASHA/DAY6/A3_TASHA_DAY6_17000000.srt,174881,discovered,A3_TASHA_DAY6_17000000,ses_A3_TASHA_DAY6_A3_TASHA_DAY6_17000000,True
transcript,A3_TASHA,DAY6,A3_TASHA_DAY6_19000000.srt,EgoLifeCap/Transcript/A3_TASHA/DAY6/A3_TASHA_DAY6_19000000.srt,63080,discovered,A3_TASHA_DAY6_19000000,ses_A3_TASHA_DAY6_A3_TASHA_DAY6_19000000,True
transcript,A3_TASHA,DAY6,A3_TASHA_DAY6_20000000.srt,EgoLifeCap/Transcript/A3_TASHA/DAY6/A3_TASHA_DAY6_20000000.srt,87557,discovered,A3_TASHA_DAY6_20000000,ses_A3_TASHA_DAY6_A3_TASHA_DAY6_20000000,True
transcript,A3_TASHA,DAY6,A3_TASHA_DAY6_21000000.srt,EgoLifeCap/Transcript/A3_TASHA/DAY6/A3_TASHA_DAY6_21000000.srt,15746,discovered,A3_TASHA_DAY6_21000000,ses_A3_TASHA_DAY6_A3_TASHA_DAY6_21000000,True
transcript,A3_TASHA,DAY7,A3_TASHA_DAY7_12000000.srt,EgoLifeCap/Transcript/A3_TASHA/DAY7/A3_TASHA_DAY7_12000000.srt,55464,discovered,A3_TASHA_DAY7_12000000,ses_A3_TASHA_DAY7_A3_TASHA_DAY7_12000000,True
transcript,A3_TASHA,DAY7,A3_TASHA_DAY7_13000000.srt,EgoLifeCap/Transcript/A3_TASHA/DAY7/A3_TASHA_DAY7_13000000.srt,25830,discovered,A3_TASHA_DAY7_13000000,ses_A3_TASHA_DAY7_A3_TASHA_DAY7_13000000,True
transcript,A3_TASHA,DAY7,A3_TASHA_DAY7_14000000.srt,EgoLifeCap/Transcript/A3_TASHA/DAY7/A3_TASHA_DAY7_14000000.srt,19447,discovered,A3_TASHA_DAY7_14000000,ses_A3_TASHA_DAY7_A3_TASHA_DAY7_14000000,True
transcript,A3_TASHA,DAY7,A3_TASHA_DAY7_17000000.srt,EgoLifeCap/Transcript/A3_TASHA/DAY7/A3_TASHA_DAY7_17000000.srt,78496,discovered,A3_TASHA_DAY7_17000000,ses_A3_TASHA_DAY7_A3_TASHA_DAY7_17000000,True
transcript,A3_TASHA,DAY7,A3_TASHA_DAY7_18000000.srt,EgoLifeCap/Transcript/A3_TASHA/DAY7/A3_TASHA_DAY7_18000000.srt,42501,discovered,A3_TASHA_DAY7_18000000,ses_A3_TASHA_DAY7_A3_TASHA_DAY7_18000000,True
transcript,A4_LUCIA,DAY1,A4_LUCIA_DAY1_11000000.srt,EgoLifeCap/Transcript/A4_LUCIA/DAY1/A4_LUCIA_DAY1_11000000.srt,132597,discovered,A4_LUCIA_DAY1_11000000,ses_A4_LUCIA_DAY1_A4_LUCIA_DAY1_11000000,True
transcript,A4_LUCIA,DAY1,A4_LUCIA_DAY1_12000000.srt,EgoLifeCap/Transcript/A4_LUCIA/DAY1/A4_LUCIA_DAY1_12000000.srt,136616,discovered,A4_LUCIA_DAY1_12000000,ses_A4_LUCIA_DAY1_A4_LUCIA_DAY1_12000000,True
transcript,A4_LUCIA,DAY1,A4_LUCIA_DAY1_13000000.srt,EgoLifeCap/Transcript/A4_LUCIA/DAY1/A4_LUCIA_DAY1_13000000.srt,110102,discovered,A4_LUCIA_DAY1_13000000,ses_A4_LUCIA_DAY1_A4_LUCIA_DAY1_13000000,True
transcript,A4_LUCIA,DAY1,A4_LUCIA_DAY1_14000000.srt,EgoLifeCap/Transcript/A4_LUCIA/DAY1/A4_LUCIA_DAY1_14000000.srt,19142,discovered,A4_LUCIA_DAY1_14000000,ses_A4_LUCIA_DAY1_A4_LUCIA_DAY1_14000000,True
transcript,A4_LUCIA,DAY1,A4_LUCIA_DAY1_17000000.srt,EgoLifeCap/Transcript/A4_LUCIA/DAY1/A4_LUCIA_DAY1_17000000.srt,134158,discovered,A4_LUCIA_DAY1_17000000,ses_A4_LUCIA_DAY1_A4_LUCIA_DAY1_17000000,True
transcript,A4_LUCIA,DAY1,A4_LUCIA_DAY1_18000000.srt,EgoLifeCap/Transcript/A4_LUCIA/DAY1/A4_LUCIA_DAY1_18000000.srt,127704,discovered,A4_LUCIA_DAY1_18000000,ses_A4_LUCIA_DAY1_A4_LUCIA_DAY1_18000000,True
transcript,A4_LUCIA,DAY1,A4_LUCIA_DAY1_19000000.srt,EgoLifeCap/Transcript/A4_LUCIA/DAY1/A4_LUCIA_DAY1_19000000.srt,139433,discovered,A4_LUCIA_DAY1_19000000,ses_A4_LUCIA_DAY1_A4_LUCIA_DAY1_19000000,True
transcript,A4_LUCIA,DAY1,A4_LUCIA_DAY1_20000000.srt,EgoLifeCap/Transcript/A4_LUCIA/DAY1/A4_LUCIA_DAY1_20000000.srt,35822,discovered,A4_LUCIA_DAY1_20000000,ses_A4_LUCIA_DAY1_A4_LUCIA_DAY1_20000000,True
transcript,A4_LUCIA,DAY1,A4_LUCIA_DAY1_21000000.srt,EgoLifeCap/Transcript/A4_LUCIA/DAY1/A4_LUCIA_DAY1_21000000.srt,79766,discovered,A4_LUCIA_DAY1_21000000,ses_A4_LUCIA_DAY1_A4_LUCIA_DAY1_21000000,True
transcript,A4_LUCIA,DAY1,A4_LUCIA_DAY1_22000000.srt,EgoLifeCap/Transcript/A4_LUCIA/DAY1/A4_LUCIA_DAY1_22000000.srt,6664,discovered,A4_LUCIA_DAY1_22000000,ses_A4_LUCIA_DAY1_A4_LUCIA_DAY1_22000000,True
transcript,A4_LUCIA,DAY2,A4_LUCIA_DAY2_10000000.srt,EgoLifeCap/Transcript/A4_LUCIA/DAY2/A4_LUCIA_DAY2_10000000.srt,40071,discovered,A4_LUCIA_DAY2_10000000,ses_A4_LUCIA_DAY2_A4_LUCIA_DAY2_10000000,True
transcript,A4_LUCIA,DAY2,A4_LUCIA_DAY2_11000000.srt,EgoLifeCap/Transcript/A4_LUCIA/DAY2/A4_LUCIA_DAY2_11000000.srt,78762,discovered,A4_LUCIA_DAY2_11000000,ses_A4_LUCIA_DAY2_A4_LUCIA_DAY2_11000000,True
transcript,A4_LUCIA,DAY2,A4_LUCIA_DAY2_12000000.srt,EgoLifeCap/Transcript/A4_LUCIA/DAY2/A4_LUCIA_DAY2_12000000.srt,56311,discovered,A4_LUCIA_DAY2_12000000,ses_A4_LUCIA_DAY2_A4_LUCIA_DAY2_12000000,True
transcript,A4_LUCIA,DAY2,A4_LUCIA_DAY2_13000000.srt,EgoLifeCap/Transcript/A4_LUCIA/DAY2/A4_LUCIA_DAY2_13000000.srt,35885,discovered,A4_LUCIA_DAY2_13000000,ses_A4_LUCIA_DAY2_A4_LUCIA_DAY2_13000000,True
transcript,A4_LUCIA,DAY2,A4_LUCIA_DAY2_15000000.srt,EgoLifeCap/Transcript/A4_LUCIA/DAY2/A4_LUCIA_DAY2_15000000.srt,15275,discovered,A4_LUCIA_DAY2_15000000,ses_A4_LUCIA_DAY2_A4_LUCIA_DAY2_15000000,True
transcript,A4_LUCIA,DAY2,A4_LUCIA_DAY2_16000000.srt,EgoLifeCap/Transcript/A4_LUCIA/DAY2/A4_LUCIA_DAY2_16000000.srt,126829,discovered,A4_LUCIA_DAY2_16000000,ses_A4_LUCIA_DAY2_A4_LUCIA_DAY2_16000000,True
transcript,A4_LUCIA,DAY2,A4_LUCIA_DAY2_17000000.srt,EgoLifeCap/Transcript/A4_LUCIA/DAY2/A4_LUCIA_DAY2_17000000.srt,77819,discovered,A4_LUCIA_DAY2_17000000,ses_A4_LUCIA_DAY2_A4_LUCIA_DAY2_17000000,True
transcript,A4_LUCIA,DAY2,A4_LUCIA_DAY2_18000000.srt,EgoLifeCap/Transcript/A4_LUCIA/DAY2/A4_LUCIA_DAY2_18000000.srt,86985,discovered,A4_LUCIA_DAY2_18000000,ses_A4_LUCIA_DAY2_A4_LUCIA_DAY2_18000000,True
transcript,A4_LUCIA,DAY2,A4_LUCIA_DAY2_21000000.srt,EgoLifeCap/Transcript/A4_LUCIA/DAY2/A4_LUCIA_DAY2_21000000.srt,86032,discovered,A4_LUCIA_DAY2_21000000,ses_A4_LUCIA_DAY2_A4_LUCIA_DAY2_21000000,True
transcript,A4_LUCIA,DAY2,A4_LUCIA_DAY2_22000000.srt,EgoLifeCap/Transcript/A4_LUCIA/DAY2/A4_LUCIA_DAY2_22000000.srt,105701,discovered,A4_LUCIA_DAY2_22000000,ses_A4_LUCIA_DAY2_A4_LUCIA_DAY2_22000000,True
transcript,A4_LUCIA,DAY3,A4_LUCIA_DAY3_11000000.srt,EgoLifeCap/Transcript/A4_LUCIA/DAY3/A4_LUCIA_DAY3_11000000.srt,57233,discovered,A4_LUCIA_DAY3_11000000,ses_A4_LUCIA_DAY3_A4_LUCIA_DAY3_11000000,True
transcript,A4_LUCIA,DAY3,A4_LUCIA_DAY3_12000000.srt,EgoLifeCap/Transcript/A4_LUCIA/DAY3/A4_LUCIA_DAY3_12000000.srt,92770,discovered,A4_LUCIA_DAY3_12000000,ses_A4_LUCIA_DAY3_A4_LUCIA_DAY3_12000000,True
transcript,A4_LUCIA,DAY3,A4_LUCIA_DAY3_14000000.srt,EgoLifeCap/Transcript/A4_LUCIA/DAY3/A4_LUCIA_DAY3_14000000.srt,33014,discovered,A4_LUCIA_DAY3_14000000,ses_A4_LUCIA_DAY3_A4_LUCIA_DAY3_14000000,True
transcript,A4_LUCIA,DAY3,A4_LUCIA_DAY3_15000000.srt,EgoLifeCap/Transcript/A4_LUCIA/DAY3/A4_LUCIA_DAY3_15000000.srt,119408,discovered,A4_LUCIA_DAY3_15000000,ses_A4_LUCIA_DAY3_A4_LUCIA_DAY3_15000000,True
transcript,A4_LUCIA,DAY3,A4_LUCIA_DAY3_16000000.srt,EgoLifeCap/Transcript/A4_LUCIA/DAY3/A4_LUCIA_DAY3_16000000.srt,118579,discovered,A4_LUCIA_DAY3_16000000,ses_A4_LUCIA_DAY3_A4_LUCIA_DAY3_16000000,True
transcript,A4_LUCIA,DAY3,A4_LUCIA_DAY3_17000000.srt,EgoLifeCap/Transcript/A4_LUCIA/DAY3/A4_LUCIA_DAY3_17000000.srt,66667,discovered,A4_LUCIA_DAY3_17000000,ses_A4_LUCIA_DAY3_A4_LUCIA_DAY3_17000000,True
transcript,A4_LUCIA,DAY3,A4_LUCIA_DAY3_18000000.srt,EgoLifeCap/Transcript/A4_LUCIA/DAY3/A4_LUCIA_DAY3_18000000.srt,19850,discovered,A4_LUCIA_DAY3_18000000,ses_A4_LUCIA_DAY3_A4_LUCIA_DAY3_18000000,True
transcript,A4_LUCIA,DAY3,A4_LUCIA_DAY3_19000000.srt,EgoLifeCap/Transcript/A4_LUCIA/DAY3/A4_LUCIA_DAY3_19000000.srt,14859,discovered,A4_LUCIA_DAY3_19000000,ses_A4_LUCIA_DAY3_A4_LUCIA_DAY3_19000000,True
transcript,A4_LUCIA,DAY3,A4_LUCIA_DAY3_20000000.srt,EgoLifeCap/Transcript/A4_LUCIA/DAY3/A4_LUCIA_DAY3_20000000.srt,98278,discovered,A4_LUCIA_DAY3_20000000,ses_A4_LUCIA_DAY3_A4_LUCIA_DAY3_20000000,True
transcript,A4_LUCIA,DAY3,A4_LUCIA_DAY3_21000000.srt,EgoLifeCap/Transcript/A4_LUCIA/DAY3/A4_LUCIA_DAY3_21000000.srt,129488,discovered,A4_LUCIA_DAY3_21000000,ses_A4_LUCIA_DAY3_A4_LUCIA_DAY3_21000000,True
transcript,A4_LUCIA,DAY3,A4_LUCIA_DAY3_22000000.srt,EgoLifeCap/Transcript/A4_LUCIA/DAY3/A4_LUCIA_DAY3_22000000.srt,88228,discovered,A4_LUCIA_DAY3_22000000,ses_A4_LUCIA_DAY3_A4_LUCIA_DAY3_22000000,True
transcript,A4_LUCIA,DAY4,A4_LUCIA_DAY4_11000000.srt,EgoLifeCap/Transcript/A4_LUCIA/DAY4/A4_LUCIA_DAY4_11000000.srt,57668,discovered,A4_LUCIA_DAY4_11000000,ses_A4_LUCIA_DAY4_A4_LUCIA_DAY4_11000000,True
transcript,A4_LUCIA,DAY4,A4_LUCIA_DAY4_12000000.srt,EgoLifeCap/Transcript/A4_LUCIA/DAY4/A4_LUCIA_DAY4_12000000.srt,117013,discovered,A4_LUCIA_DAY4_12000000,ses_A4_LUCIA_DAY4_A4_LUCIA_DAY4_12000000,True
transcript,A4_LUCIA,DAY4,A4_LUCIA_DAY4_13000000.srt,EgoLifeCap/Transcript/A4_LUCIA/DAY4/A4_LUCIA_DAY4_13000000.srt,32902,discovered,A4_LUCIA_DAY4_13000000,ses_A4_LUCIA_DAY4_A4_LUCIA_DAY4_13000000,True
transcript,A4_LUCIA,DAY4,A4_LUCIA_DAY4_15000000.srt,EgoLifeCap/Transcript/A4_LUCIA/DAY4/A4_LUCIA_DAY4_15000000.srt,40763,discovered,A4_LUCIA_DAY4_15000000,ses_A4_LUCIA_DAY4_A4_LUCIA_DAY4_15000000,True
transcript,A4_LUCIA,DAY4,A4_LUCIA_DAY4_16000000.srt,EgoLifeCap/Transcript/A4_LUCIA/DAY4/A4_LUCIA_DAY4_16000000.srt,107248,discovered,A4_LUCIA_DAY4_16000000,ses_A4_LUCIA_DAY4_A4_LUCIA_DAY4_16000000,True
transcript,A4_LUCIA,DAY4,A4_LUCIA_DAY4_17000000.srt,EgoLifeCap/Transcript/A4_LUCIA/DAY4/A4_LUCIA_DAY4_17000000.srt,64067,discovered,A4_LUCIA_DAY4_17000000,ses_A4_LUCIA_DAY4_A4_LUCIA_DAY4_17000000,True
transcript,A4_LUCIA,DAY4,A4_LUCIA_DAY4_18000000.srt,EgoLifeCap/Transcript/A4_LUCIA/DAY4/A4_LUCIA_DAY4_18000000.srt,46838,discovered,A4_LUCIA_DAY4_18000000,ses_A4_LUCIA_DAY4_A4_LUCIA_DAY4_18000000,True
transcript,A4_LUCIA,DAY4,A4_LUCIA_DAY4_21000000.srt,EgoLifeCap/Transcript/A4_LUCIA/DAY4/A4_LUCIA_DAY4_21000000.srt,37981,discovered,A4_LUCIA_DAY4_21000000,ses_A4_LUCIA_DAY4_A4_LUCIA_DAY4_21000000,True
transcript,A4_LUCIA,DAY4,A4_LUCIA_DAY4_22000000.srt,EgoLifeCap/Transcript/A4_LUCIA/DAY4/A4_LUCIA_DAY4_22000000.srt,67776,discovered,A4_LUCIA_DAY4_22000000,ses_A4_LUCIA_DAY4_A4_LUCIA_DAY4_22000000,True
transcript,A4_LUCIA,DAY5,A4_LUCIA_DAY5_11000000.srt,EgoLifeCap/Transcript/A4_LUCIA/DAY5/A4_LUCIA_DAY5_11000000.srt,50551,discovered,A4_LUCIA_DAY5_11000000,ses_A4_LUCIA_DAY5_A4_LUCIA_DAY5_11000000,True
transcript,A4_LUCIA,DAY5,A4_LUCIA_DAY5_12000000.srt,EgoLifeCap/Transcript/A4_LUCIA/DAY5/A4_LUCIA_DAY5_12000000.srt,101347,discovered,A4_LUCIA_DAY5_12000000,ses_A4_LUCIA_DAY5_A4_LUCIA_DAY5_12000000,True
transcript,A4_LUCIA,DAY5,A4_LUCIA_DAY5_15000000.srt,EgoLifeCap/Transcript/A4_LUCIA/DAY5/A4_LUCIA_DAY5_15000000.srt,88292,discovered,A4_LUCIA_DAY5_15000000,ses_A4_LUCIA_DAY5_A4_LUCIA_DAY5_15000000,True
transcript,A4_LUCIA,DAY5,A4_LUCIA_DAY5_16000000.srt,EgoLifeCap/Transcript/A4_LUCIA/DAY5/A4_LUCIA_DAY5_16000000.srt,73248,discovered,A4_LUCIA_DAY5_16000000,ses_A4_LUCIA_DAY5_A4_LUCIA_DAY5_16000000,True
transcript,A4_LUCIA,DAY5,A4_LUCIA_DAY5_18000000.srt,EgoLifeCap/Transcript/A4_LUCIA/DAY5/A4_LUCIA_DAY5_18000000.srt,120328,discovered,A4_LUCIA_DAY5_18000000,ses_A4_LUCIA_DAY5_A4_LUCIA_DAY5_18000000,True
transcript,A4_LUCIA,DAY5,A4_LUCIA_DAY5_19000000.srt,EgoLifeCap/Transcript/A4_LUCIA/DAY5/A4_LUCIA_DAY5_19000000.srt,98575,discovered,A4_LUCIA_DAY5_19000000,ses_A4_LUCIA_DAY5_A4_LUCIA_DAY5_19000000,True
transcript,A4_LUCIA,DAY5,A4_LUCIA_DAY5_20000000.srt,EgoLifeCap/Transcript/A4_LUCIA/DAY5/A4_LUCIA_DAY5_20000000.srt,158625,discovered,A4_LUCIA_DAY5_20000000,ses_A4_LUCIA_DAY5_A4_LUCIA_DAY5_20000000,True
transcript,A4_LUCIA,DAY5,A4_LUCIA_DAY5_21000000.srt,EgoLifeCap/Transcript/A4_LUCIA/DAY5/A4_LUCIA_DAY5_21000000.srt,13837,discovered,A4_LUCIA_DAY5_21000000,ses_A4_LUCIA_DAY5_A4_LUCIA_DAY5_21000000,True
transcript,A4_LUCIA,DAY5,A4_LUCIA_DAY5_22000000.srt,EgoLifeCap/Transcript/A4_LUCIA/DAY5/A4_LUCIA_DAY5_22000000.srt,21822,discovered,A4_LUCIA_DAY5_22000000,ses_A4_LUCIA_DAY5_A4_LUCIA_DAY5_22000000,True
transcript,A4_LUCIA,DAY6,A4_LUCIA_DAY6_10000000.mp4.srt,EgoLifeCap/Transcript/A4_LUCIA/DAY6/A4_LUCIA_DAY6_10000000.mp4.srt,49627,discovered,A4_LUCIA_DAY6_10000000_mp4,ses_A4_LUCIA_DAY6_A4_LUCIA_DAY6_10000000_mp4,False
transcript,A4_LUCIA,DAY6,A4_LUCIA_DAY6_11000000.mp4.srt,EgoLifeCap/Transcript/A4_LUCIA/DAY6/A4_LUCIA_DAY6_11000000.mp4.srt,81500,discovered,A4_LUCIA_DAY6_11000000_mp4,ses_A4_LUCIA_DAY6_A4_LUCIA_DAY6_11000000_mp4,False
transcript,A4_LUCIA,DAY6,A4_LUCIA_DAY6_12000000.mp4.srt,EgoLifeCap/Transcript/A4_LUCIA/DAY6/A4_LUCIA_DAY6_12000000.mp4.srt,37213,discovered,A4_LUCIA_DAY6_12000000_mp4,ses_A4_LUCIA_DAY6_A4_LUCIA_DAY6_12000000_mp4,False
transcript,A4_LUCIA,DAY6,A4_LUCIA_DAY6_13000000.mp4.srt,EgoLifeCap/Transcript/A4_LUCIA/DAY6/A4_LUCIA_DAY6_13000000.mp4.srt,27425,discovered,A4_LUCIA_DAY6_13000000_mp4,ses_A4_LUCIA_DAY6_A4_LUCIA_DAY6_13000000_mp4,False
transcript,A4_LUCIA,DAY6,A4_LUCIA_DAY6_14000000.mp4.srt,EgoLifeCap/Transcript/A4_LUCIA/DAY6/A4_LUCIA_DAY6_14000000.mp4.srt,9679,discovered,A4_LUCIA_DAY6_14000000_mp4,ses_A4_LUCIA_DAY6_A4_LUCIA_DAY6_14000000_mp4,False
transcript,A4_LUCIA,DAY6,A4_LUCIA_DAY6_15000000.mp4.srt,EgoLifeCap/Transcript/A4_LUCIA/DAY6/A4_LUCIA_DAY6_15000000.mp4.srt,121086,discovered,A4_LUCIA_DAY6_15000000_mp4,ses_A4_LUCIA_DAY6_A4_LUCIA_DAY6_15000000_mp4,False
transcript,A4_LUCIA,DAY6,A4_LUCIA_DAY6_16000000.mp4.srt,EgoLifeCap/Transcript/A4_LUCIA/DAY6/A4_LUCIA_DAY6_16000000.mp4.srt,118618,discovered,A4_LUCIA_DAY6_16000000_mp4,ses_A4_LUCIA_DAY6_A4_LUCIA_DAY6_16000000_mp4,False
transcript,A4_LUCIA,DAY6,A4_LUCIA_DAY6_17000000.mp4.srt,EgoLifeCap/Transcript/A4_LUCIA/DAY6/A4_LUCIA_DAY6_17000000.mp4.srt,116125,discovered,A4_LUCIA_DAY6_17000000_mp4,ses_A4_LUCIA_DAY6_A4_LUCIA_DAY6_17000000_mp4,False
transcript,A4_LUCIA,DAY6,A4_LUCIA_DAY6_19000000.mp4.srt,EgoLifeCap/Transcript/A4_LUCIA/DAY6/A4_LUCIA_DAY6_19000000.mp4.srt,85384,discovered,A4_LUCIA_DAY6_19000000_mp4,ses_A4_LUCIA_DAY6_A4_LUCIA_DAY6_19000000_mp4,False
transcript,A4_LUCIA,DAY6,A4_LUCIA_DAY6_20000000.mp4.srt,EgoLifeCap/Transcript/A4_LUCIA/DAY6/A4_LUCIA_DAY6_20000000.mp4.srt,78111,discovered,A4_LUCIA_DAY6_20000000_mp4,ses_A4_LUCIA_DAY6_A4_LUCIA_DAY6_20000000_mp4,False
transcript,A4_LUCIA,DAY6,DAY6_A4_LUCIA_21000000.mp4.srt,EgoLifeCap/Transcript/A4_LUCIA/DAY6/DAY6_A4_LUCIA_21000000.mp4.srt,148143,discovered,DAY6_A4_LUCIA_21000000_mp4,ses_A4_LUCIA_DAY6_DAY6_A4_LUCIA_21000000_mp4,False
transcript,A4_LUCIA,DAY7,A4_LUCIA_DAY7_12000000.srt,EgoLifeCap/Transcript/A4_LUCIA/DAY7/A4_LUCIA_DAY7_12000000.srt,14090,discovered,A4_LUCIA_DAY7_12000000,ses_A4_LUCIA_DAY7_A4_LUCIA_DAY7_12000000,True
transcript,A4_LUCIA,DAY7,A4_LUCIA_DAY7_13000000.srt,EgoLifeCap/Transcript/A4_LUCIA/DAY7/A4_LUCIA_DAY7_13000000.srt,58293,discovered,A4_LUCIA_DAY7_13000000,ses_A4_LUCIA_DAY7_A4_LUCIA_DAY7_13000000,True
transcript,A4_LUCIA,DAY7,A4_LUCIA_DAY7_14000000.srt,EgoLifeCap/Transcript/A4_LUCIA/DAY7/A4_LUCIA_DAY7_14000000.srt,49385,discovered,A4_LUCIA_DAY7_14000000,ses_A4_LUCIA_DAY7_A4_LUCIA_DAY7_14000000,True
transcript,A4_LUCIA,DAY7,A4_LUCIA_DAY7_15000000.srt,EgoLifeCap/Transcript/A4_LUCIA/DAY7/A4_LUCIA_DAY7_15000000.srt,52829,discovered,A4_LUCIA_DAY7_15000000,ses_A4_LUCIA_DAY7_A4_LUCIA_DAY7_15000000,True
transcript,A4_LUCIA,DAY7,A4_LUCIA_DAY7_17000000.srt,EgoLifeCap/Transcript/A4_LUCIA/DAY7/A4_LUCIA_DAY7_17000000.srt,52934,discovered,A4_LUCIA_DAY7_17000000,ses_A4_LUCIA_DAY7_A4_LUCIA_DAY7_17000000,True
transcript,A4_LUCIA,DAY7,A4_LUCIA_DAY7_18000000.srt,EgoLifeCap/Transcript/A4_LUCIA/DAY7/A4_LUCIA_DAY7_18000000.srt,90407,discovered,A4_LUCIA_DAY7_18000000,ses_A4_LUCIA_DAY7_A4_LUCIA_DAY7_18000000,True
transcript,A4_LUCIA,DAY7,A4_LUCIA_DAY7_19000000.srt,EgoLifeCap/Transcript/A4_LUCIA/DAY7/A4_LUCIA_DAY7_19000000.srt,11793,discovered,A4_LUCIA_DAY7_19000000,ses_A4_LUCIA_DAY7_A4_LUCIA_DAY7_19000000,True
transcript,A5_KATRINA,DAY1,A5_KATRINA_DAY1_11000000.srt,EgoLifeCap/Transcript/A5_KATRINA/DAY1/A5_KATRINA_DAY1_11000000.srt,129155,discovered,A5_KATRINA_DAY1_11000000,ses_A5_KATRINA_DAY1_A5_KATRINA_DAY1_11000000,True
transcript,A5_KATRINA,DAY1,A5_KATRINA_DAY1_12000000.srt,EgoLifeCap/Transcript/A5_KATRINA/DAY1/A5_KATRINA_DAY1_12000000.srt,136264,discovered,A5_KATRINA_DAY1_12000000,ses_A5_KATRINA_DAY1_A5_KATRINA_DAY1_12000000,True
transcript,A5_KATRINA,DAY1,A5_KATRINA_DAY1_13000000.srt,EgoLifeCap/Transcript/A5_KATRINA/DAY1/A5_KATRINA_DAY1_13000000.srt,45349,discovered,A5_KATRINA_DAY1_13000000,ses_A5_KATRINA_DAY1_A5_KATRINA_DAY1_13000000,True
transcript,A5_KATRINA,DAY1,A5_KATRINA_DAY1_14000000.srt,EgoLifeCap/Transcript/A5_KATRINA/DAY1/A5_KATRINA_DAY1_14000000.srt,7808,discovered,A5_KATRINA_DAY1_14000000,ses_A5_KATRINA_DAY1_A5_KATRINA_DAY1_14000000,True
transcript,A5_KATRINA,DAY1,A5_KATRINA_DAY1_17000000.srt,EgoLifeCap/Transcript/A5_KATRINA/DAY1/A5_KATRINA_DAY1_17000000.srt,126625,discovered,A5_KATRINA_DAY1_17000000,ses_A5_KATRINA_DAY1_A5_KATRINA_DAY1_17000000,True
transcript,A5_KATRINA,DAY1,A5_KATRINA_DAY1_18000000.srt,EgoLifeCap/Transcript/A5_KATRINA/DAY1/A5_KATRINA_DAY1_18000000.srt,124165,discovered,A5_KATRINA_DAY1_18000000,ses_A5_KATRINA_DAY1_A5_KATRINA_DAY1_18000000,True
transcript,A5_KATRINA,DAY1,A5_KATRINA_DAY1_19000000.srt,EgoLifeCap/Transcript/A5_KATRINA/DAY1/A5_KATRINA_DAY1_19000000.srt,98245,discovered,A5_KATRINA_DAY1_19000000,ses_A5_KATRINA_DAY1_A5_KATRINA_DAY1_19000000,True
transcript,A5_KATRINA,DAY1,A5_KATRINA_DAY1_20000000.srt,EgoLifeCap/Transcript/A5_KATRINA/DAY1/A5_KATRINA_DAY1_20000000.srt,48677,discovered,A5_KATRINA_DAY1_20000000,ses_A5_KATRINA_DAY1_A5_KATRINA_DAY1_20000000,True
transcript,A5_KATRINA,DAY1,A5_KATRINA_DAY1_21000000.srt,EgoLifeCap/Transcript/A5_KATRINA/DAY1/A5_KATRINA_DAY1_21000000.srt,53082,discovered,A5_KATRINA_DAY1_21000000,ses_A5_KATRINA_DAY1_A5_KATRINA_DAY1_21000000,True
transcript,A5_KATRINA,DAY1,A5_KATRINA_DAY1_22000000.srt,EgoLifeCap/Transcript/A5_KATRINA/DAY1/A5_KATRINA_DAY1_22000000.srt,8514,discovered,A5_KATRINA_DAY1_22000000,ses_A5_KATRINA_DAY1_A5_KATRINA_DAY1_22000000,True
transcript,A5_KATRINA,DAY2,A5_KATRINA_DAY2_10000000.srt,EgoLifeCap/Transcript/A5_KATRINA/DAY2/A5_KATRINA_DAY2_10000000.srt,48095,discovered,A5_KATRINA_DAY2_10000000,ses_A5_KATRINA_DAY2_A5_KATRINA_DAY2_10000000,True
transcript,A5_KATRINA,DAY2,A5_KATRINA_DAY2_11000000.srt,EgoLifeCap/Transcript/A5_KATRINA/DAY2/A5_KATRINA_DAY2_11000000.srt,162736,discovered,A5_KATRINA_DAY2_11000000,ses_A5_KATRINA_DAY2_A5_KATRINA_DAY2_11000000,True
transcript,A5_KATRINA,DAY2,A5_KATRINA_DAY2_12000000.srt,EgoLifeCap/Transcript/A5_KATRINA/DAY2/A5_KATRINA_DAY2_12000000.srt,35223,discovered,A5_KATRINA_DAY2_12000000,ses_A5_KATRINA_DAY2_A5_KATRINA_DAY2_12000000,True
transcript,A5_KATRINA,DAY2,A5_KATRINA_DAY2_13000000.srt,EgoLifeCap/Transcript/A5_KATRINA/DAY2/A5_KATRINA_DAY2_13000000.srt,59983,discovered,A5_KATRINA_DAY2_13000000,ses_A5_KATRINA_DAY2_A5_KATRINA_DAY2_13000000,True
transcript,A5_KATRINA,DAY2,A5_KATRINA_DAY2_15000000.srt,EgoLifeCap/Transcript/A5_KATRINA/DAY2/A5_KATRINA_DAY2_15000000.srt,57587,discovered,A5_KATRINA_DAY2_15000000,ses_A5_KATRINA_DAY2_A5_KATRINA_DAY2_15000000,True
transcript,A5_KATRINA,DAY2,A5_KATRINA_DAY2_16000000.srt,EgoLifeCap/Transcript/A5_KATRINA/DAY2/A5_KATRINA_DAY2_16000000.srt,88466,discovered,A5_KATRINA_DAY2_16000000,ses_A5_KATRINA_DAY2_A5_KATRINA_DAY2_16000000,True
transcript,A5_KATRINA,DAY2,A5_KATRINA_DAY2_17000000.srt,EgoLifeCap/Transcript/A5_KATRINA/DAY2/A5_KATRINA_DAY2_17000000.srt,68960,discovered,A5_KATRINA_DAY2_17000000,ses_A5_KATRINA_DAY2_A5_KATRINA_DAY2_17000000,True
transcript,A5_KATRINA,DAY2,A5_KATRINA_DAY2_18000000.srt,EgoLifeCap/Transcript/A5_KATRINA/DAY2/A5_KATRINA_DAY2_18000000.srt,28651,discovered,A5_KATRINA_DAY2_18000000,ses_A5_KATRINA_DAY2_A5_KATRINA_DAY2_18000000,True
transcript,A5_KATRINA,DAY2,A5_KATRINA_DAY2_20000000.srt,EgoLifeCap/Transcript/A5_KATRINA/DAY2/A5_KATRINA_DAY2_20000000.srt,7953,discovered,A5_KATRINA_DAY2_20000000,ses_A5_KATRINA_DAY2_A5_KATRINA_DAY2_20000000,True
transcript,A5_KATRINA,DAY2,A5_KATRINA_DAY2_21000000.srt,EgoLifeCap/Transcript/A5_KATRINA/DAY2/A5_KATRINA_DAY2_21000000.srt,109861,discovered,A5_KATRINA_DAY2_21000000,ses_A5_KATRINA_DAY2_A5_KATRINA_DAY2_21000000,True
transcript,A5_KATRINA,DAY2,A5_KATRINA_DAY2_22000000.srt,EgoLifeCap/Transcript/A5_KATRINA/DAY2/A5_KATRINA_DAY2_22000000.srt,55418,discovered,A5_KATRINA_DAY2_22000000,ses_A5_KATRINA_DAY2_A5_KATRINA_DAY2_22000000,True
transcript,A5_KATRINA,DAY3,A5_KATRINA_DAY3_11000000.srt,EgoLifeCap/Transcript/A5_KATRINA/DAY3/A5_KATRINA_DAY3_11000000.srt,63007,discovered,A5_KATRINA_DAY3_11000000,ses_A5_KATRINA_DAY3_A5_KATRINA_DAY3_11000000,True
transcript,A5_KATRINA,DAY3,A5_KATRINA_DAY3_12000000.srt,EgoLifeCap/Transcript/A5_KATRINA/DAY3/A5_KATRINA_DAY3_12000000.srt,91461,discovered,A5_KATRINA_DAY3_12000000,ses_A5_KATRINA_DAY3_A5_KATRINA_DAY3_12000000,True
transcript,A5_KATRINA,DAY3,A5_KATRINA_DAY3_14000000.srt,EgoLifeCap/Transcript/A5_KATRINA/DAY3/A5_KATRINA_DAY3_14000000.srt,30884,discovered,A5_KATRINA_DAY3_14000000,ses_A5_KATRINA_DAY3_A5_KATRINA_DAY3_14000000,True
transcript,A5_KATRINA,DAY3,A5_KATRINA_DAY3_15000000.srt,EgoLifeCap/Transcript/A5_KATRINA/DAY3/A5_KATRINA_DAY3_15000000.srt,111148,discovered,A5_KATRINA_DAY3_15000000,ses_A5_KATRINA_DAY3_A5_KATRINA_DAY3_15000000,True
transcript,A5_KATRINA,DAY3,A5_KATRINA_DAY3_16000000.srt,EgoLifeCap/Transcript/A5_KATRINA/DAY3/A5_KATRINA_DAY3_16000000.srt,107654,discovered,A5_KATRINA_DAY3_16000000,ses_A5_KATRINA_DAY3_A5_KATRINA_DAY3_16000000,True
transcript,A5_KATRINA,DAY3,A5_KATRINA_DAY3_17000000.srt,EgoLifeCap/Transcript/A5_KATRINA/DAY3/A5_KATRINA_DAY3_17000000.srt,64239,discovered,A5_KATRINA_DAY3_17000000,ses_A5_KATRINA_DAY3_A5_KATRINA_DAY3_17000000,True
transcript,A5_KATRINA,DAY3,A5_KATRINA_DAY3_18000000.srt,EgoLifeCap/Transcript/A5_KATRINA/DAY3/A5_KATRINA_DAY3_18000000.srt,25674,discovered,A5_KATRINA_DAY3_18000000,ses_A5_KATRINA_DAY3_A5_KATRINA_DAY3_18000000,True
transcript,A5_KATRINA,DAY3,A5_KATRINA_DAY3_19000000.srt,EgoLifeCap/Transcript/A5_KATRINA/DAY3/A5_KATRINA_DAY3_19000000.srt,37281,discovered,A5_KATRINA_DAY3_19000000,ses_A5_KATRINA_DAY3_A5_KATRINA_DAY3_19000000,True
transcript,A5_KATRINA,DAY3,A5_KATRINA_DAY3_20000000.srt,EgoLifeCap/Transcript/A5_KATRINA/DAY3/A5_KATRINA_DAY3_20000000.srt,96661,discovered,A5_KATRINA_DAY3_20000000,ses_A5_KATRINA_DAY3_A5_KATRINA_DAY3_20000000,True
transcript,A5_KATRINA,DAY3,A5_KATRINA_DAY3_21000000.srt,EgoLifeCap/Transcript/A5_KATRINA/DAY3/A5_KATRINA_DAY3_21000000.srt,76126,discovered,A5_KATRINA_DAY3_21000000,ses_A5_KATRINA_DAY3_A5_KATRINA_DAY3_21000000,True
transcript,A5_KATRINA,DAY3,A5_KATRINA_DAY3_22000000.srt,EgoLifeCap/Transcript/A5_KATRINA/DAY3/A5_KATRINA_DAY3_22000000.srt,42153,discovered,A5_KATRINA_DAY3_22000000,ses_A5_KATRINA_DAY3_A5_KATRINA_DAY3_22000000,True
transcript,A5_KATRINA,DAY4,A5_KATRINA_DAY4_11000000.srt,EgoLifeCap/Transcript/A5_KATRINA/DAY4/A5_KATRINA_DAY4_11000000.srt,52701,discovered,A5_KATRINA_DAY4_11000000,ses_A5_KATRINA_DAY4_A5_KATRINA_DAY4_11000000,True
transcript,A5_KATRINA,DAY4,A5_KATRINA_DAY4_12000000.srt,EgoLifeCap/Transcript/A5_KATRINA/DAY4/A5_KATRINA_DAY4_12000000.srt,92109,discovered,A5_KATRINA_DAY4_12000000,ses_A5_KATRINA_DAY4_A5_KATRINA_DAY4_12000000,True
transcript,A5_KATRINA,DAY4,A5_KATRINA_DAY4_13000000.srt,EgoLifeCap/Transcript/A5_KATRINA/DAY4/A5_KATRINA_DAY4_13000000.srt,75180,discovered,A5_KATRINA_DAY4_13000000,ses_A5_KATRINA_DAY4_A5_KATRINA_DAY4_13000000,True
transcript,A5_KATRINA,DAY4,A5_KATRINA_DAY4_15000000.srt,EgoLifeCap/Transcript/A5_KATRINA/DAY4/A5_KATRINA_DAY4_15000000.srt,50181,discovered,A5_KATRINA_DAY4_15000000,ses_A5_KATRINA_DAY4_A5_KATRINA_DAY4_15000000,True
transcript,A5_KATRINA,DAY4,A5_KATRINA_DAY4_16000000.srt,EgoLifeCap/Transcript/A5_KATRINA/DAY4/A5_KATRINA_DAY4_16000000.srt,131667,discovered,A5_KATRINA_DAY4_16000000,ses_A5_KATRINA_DAY4_A5_KATRINA_DAY4_16000000,True
transcript,A5_KATRINA,DAY4,A5_KATRINA_DAY4_17000000.srt,EgoLifeCap/Transcript/A5_KATRINA/DAY4/A5_KATRINA_DAY4_17000000.srt,35170,discovered,A5_KATRINA_DAY4_17000000,ses_A5_KATRINA_DAY4_A5_KATRINA_DAY4_17000000,True
transcript,A5_KATRINA,DAY4,A5_KATRINA_DAY4_20000000.srt,EgoLifeCap/Transcript/A5_KATRINA/DAY4/A5_KATRINA_DAY4_20000000.srt,23091,discovered,A5_KATRINA_DAY4_20000000,ses_A5_KATRINA_DAY4_A5_KATRINA_DAY4_20000000,True
transcript,A5_KATRINA,DAY4,A5_KATRINA_DAY4_21000000.srt,EgoLifeCap/Transcript/A5_KATRINA/DAY4/A5_KATRINA_DAY4_21000000.srt,78790,discovered,A5_KATRINA_DAY4_21000000,ses_A5_KATRINA_DAY4_A5_KATRINA_DAY4_21000000,True
transcript,A5_KATRINA,DAY4,A5_KATRINA_DAY4_22000000.srt,EgoLifeCap/Transcript/A5_KATRINA/DAY4/A5_KATRINA_DAY4_22000000.srt,67917,discovered,A5_KATRINA_DAY4_22000000,ses_A5_KATRINA_DAY4_A5_KATRINA_DAY4_22000000,True
transcript,A5_KATRINA,DAY5,A5_KATRINA_DAY5_11000000.srt,EgoLifeCap/Transcript/A5_KATRINA/DAY5/A5_KATRINA_DAY5_11000000.srt,28157,discovered,A5_KATRINA_DAY5_11000000,ses_A5_KATRINA_DAY5_A5_KATRINA_DAY5_11000000,True
transcript,A5_KATRINA,DAY5,A5_KATRINA_DAY5_12000000.srt,EgoLifeCap/Transcript/A5_KATRINA/DAY5/A5_KATRINA_DAY5_12000000.srt,110852,discovered,A5_KATRINA_DAY5_12000000,ses_A5_KATRINA_DAY5_A5_KATRINA_DAY5_12000000,True
transcript,A5_KATRINA,DAY5,A5_KATRINA_DAY5_14000000.srt,EgoLifeCap/Transcript/A5_KATRINA/DAY5/A5_KATRINA_DAY5_14000000.srt,12909,discovered,A5_KATRINA_DAY5_14000000,ses_A5_KATRINA_DAY5_A5_KATRINA_DAY5_14000000,True
transcript,A5_KATRINA,DAY5,A5_KATRINA_DAY5_15000000.srt,EgoLifeCap/Transcript/A5_KATRINA/DAY5/A5_KATRINA_DAY5_15000000.srt,73069,discovered,A5_KATRINA_DAY5_15000000,ses_A5_KATRINA_DAY5_A5_KATRINA_DAY5_15000000,True
transcript,A5_KATRINA,DAY5,A5_KATRINA_DAY5_16000000.srt,EgoLifeCap/Transcript/A5_KATRINA/DAY5/A5_KATRINA_DAY5_16000000.srt,71357,discovered,A5_KATRINA_DAY5_16000000,ses_A5_KATRINA_DAY5_A5_KATRINA_DAY5_16000000,True
transcript,A5_KATRINA,DAY5,A5_KATRINA_DAY5_18000000.srt,EgoLifeCap/Transcript/A5_KATRINA/DAY5/A5_KATRINA_DAY5_18000000.srt,77143,discovered,A5_KATRINA_DAY5_18000000,ses_A5_KATRINA_DAY5_A5_KATRINA_DAY5_18000000,True
transcript,A5_KATRINA,DAY5,A5_KATRINA_DAY5_19000000.srt,EgoLifeCap/Transcript/A5_KATRINA/DAY5/A5_KATRINA_DAY5_19000000.srt,122659,discovered,A5_KATRINA_DAY5_19000000,ses_A5_KATRINA_DAY5_A5_KATRINA_DAY5_19000000,True
transcript,A5_KATRINA,DAY5,A5_KATRINA_DAY5_20000000.srt,EgoLifeCap/Transcript/A5_KATRINA/DAY5/A5_KATRINA_DAY5_20000000.srt,77778,discovered,A5_KATRINA_DAY5_20000000,ses_A5_KATRINA_DAY5_A5_KATRINA_DAY5_20000000,True
transcript,A5_KATRINA,DAY5,A5_KATRINA_DAY5_22000000.srt,EgoLifeCap/Transcript/A5_KATRINA/DAY5/A5_KATRINA_DAY5_22000000.srt,78835,discovered,A5_KATRINA_DAY5_22000000,ses_A5_KATRINA_DAY5_A5_KATRINA_DAY5_22000000,True
transcript,A5_KATRINA,DAY6,A5_KATRINA_DAY6_10000000.srt,EgoLifeCap/Transcript/A5_KATRINA/DAY6/A5_KATRINA_DAY6_10000000.srt,49519,discovered,A5_KATRINA_DAY6_10000000,ses_A5_KATRINA_DAY6_A5_KATRINA_DAY6_10000000,True
transcript,A5_KATRINA,DAY6,A5_KATRINA_DAY6_11000000.srt,EgoLifeCap/Transcript/A5_KATRINA/DAY6/A5_KATRINA_DAY6_11000000.srt,38976,discovered,A5_KATRINA_DAY6_11000000,ses_A5_KATRINA_DAY6_A5_KATRINA_DAY6_11000000,True
transcript,A5_KATRINA,DAY6,A5_KATRINA_DAY6_13000000.srt,EgoLifeCap/Transcript/A5_KATRINA/DAY6/A5_KATRINA_DAY6_13000000.srt,16280,discovered,A5_KATRINA_DAY6_13000000,ses_A5_KATRINA_DAY6_A5_KATRINA_DAY6_13000000,True
transcript,A5_KATRINA,DAY6,A5_KATRINA_DAY6_14000000.srt,EgoLifeCap/Transcript/A5_KATRINA/DAY6/A5_KATRINA_DAY6_14000000.srt,9658,discovered,A5_KATRINA_DAY6_14000000,ses_A5_KATRINA_DAY6_A5_KATRINA_DAY6_14000000,True
transcript,A5_KATRINA,DAY6,A5_KATRINA_DAY6_15000000.srt,EgoLifeCap/Transcript/A5_KATRINA/DAY6/A5_KATRINA_DAY6_15000000.srt,111686,discovered,A5_KATRINA_DAY6_15000000,ses_A5_KATRINA_DAY6_A5_KATRINA_DAY6_15000000,True
transcript,A5_KATRINA,DAY6,A5_KATRINA_DAY6_16000000.srt,EgoLifeCap/Transcript/A5_KATRINA/DAY6/A5_KATRINA_DAY6_16000000.srt,67340,discovered,A5_KATRINA_DAY6_16000000,ses_A5_KATRINA_DAY6_A5_KATRINA_DAY6_16000000,True
transcript,A5_KATRINA,DAY6,A5_KATRINA_DAY6_17000000.srt,EgoLifeCap/Transcript/A5_KATRINA/DAY6/A5_KATRINA_DAY6_17000000.srt,43382,discovered,A5_KATRINA_DAY6_17000000,ses_A5_KATRINA_DAY6_A5_KATRINA_DAY6_17000000,True
transcript,A5_KATRINA,DAY6,A5_KATRINA_DAY6_19000000.srt,EgoLifeCap/Transcript/A5_KATRINA/DAY6/A5_KATRINA_DAY6_19000000.srt,86774,discovered,A5_KATRINA_DAY6_19000000,ses_A5_KATRINA_DAY6_A5_KATRINA_DAY6_19000000,True
transcript,A5_KATRINA,DAY6,A5_KATRINA_DAY6_20000000.srt,EgoLifeCap/Transcript/A5_KATRINA/DAY6/A5_KATRINA_DAY6_20000000.srt,52806,discovered,A5_KATRINA_DAY6_20000000,ses_A5_KATRINA_DAY6_A5_KATRINA_DAY6_20000000,True
transcript,A5_KATRINA,DAY6,A5_KATRINA_DAY6_21000000.srt,EgoLifeCap/Transcript/A5_KATRINA/DAY6/A5_KATRINA_DAY6_21000000.srt,72518,discovered,A5_KATRINA_DAY6_21000000,ses_A5_KATRINA_DAY6_A5_KATRINA_DAY6_21000000,True
transcript,A5_KATRINA,DAY6,A5_KATRINA_DAY6_22000000.srt,EgoLifeCap/Transcript/A5_KATRINA/DAY6/A5_KATRINA_DAY6_22000000.srt,28160,discovered,A5_KATRINA_DAY6_22000000,ses_A5_KATRINA_DAY6_A5_KATRINA_DAY6_22000000,True
transcript,A5_KATRINA,DAY7,A5_KATRINA_DAY7_12000000.srt,EgoLifeCap/Transcript/A5_KATRINA/DAY7/A5_KATRINA_DAY7_12000000.srt,118549,discovered,A5_KATRINA_DAY7_12000000,ses_A5_KATRINA_DAY7_A5_KATRINA_DAY7_12000000,True
transcript,A5_KATRINA,DAY7,A5_KATRINA_DAY7_13000000.srt,EgoLifeCap/Transcript/A5_KATRINA/DAY7/A5_KATRINA_DAY7_13000000.srt,42886,discovered,A5_KATRINA_DAY7_13000000,ses_A5_KATRINA_DAY7_A5_KATRINA_DAY7_13000000,True
transcript,A5_KATRINA,DAY7,A5_KATRINA_DAY7_14000000.srt,EgoLifeCap/Transcript/A5_KATRINA/DAY7/A5_KATRINA_DAY7_14000000.srt,31601,discovered,A5_KATRINA_DAY7_14000000,ses_A5_KATRINA_DAY7_A5_KATRINA_DAY7_14000000,True
transcript,A5_KATRINA,DAY7,A5_KATRINA_DAY7_17000000.srt,EgoLifeCap/Transcript/A5_KATRINA/DAY7/A5_KATRINA_DAY7_17000000.srt,60703,discovered,A5_KATRINA_DAY7_17000000,ses_A5_KATRINA_DAY7_A5_KATRINA_DAY7_17000000,True
transcript,A5_KATRINA,DAY7,A5_KATRINA_DAY7_18000000.srt,EgoLifeCap/Transcript/A5_KATRINA/DAY7/A5_KATRINA_DAY7_18000000.srt,43399,discovered,A5_KATRINA_DAY7_18000000,ses_A5_KATRINA_DAY7_A5_KATRINA_DAY7_18000000,True
transcript,A6_SHURE,DAY1,A6_SHURE_DAY1_11000000.srt,EgoLifeCap/Transcript/A6_SHURE/DAY1/A6_SHURE_DAY1_11000000.srt,131610,discovered,A6_SHURE_DAY1_11000000,ses_A6_SHURE_DAY1_A6_SHURE_DAY1_11000000,True
transcript,A6_SHURE,DAY1,A6_SHURE_DAY1_12000000.srt,EgoLifeCap/Transcript/A6_SHURE/DAY1/A6_SHURE_DAY1_12000000.srt,141876,discovered,A6_SHURE_DAY1_12000000,ses_A6_SHURE_DAY1_A6_SHURE_DAY1_12000000,True
transcript,A6_SHURE,DAY1,A6_SHURE_DAY1_13000000.srt,EgoLifeCap/Transcript/A6_SHURE/DAY1/A6_SHURE_DAY1_13000000.srt,89525,discovered,A6_SHURE_DAY1_13000000,ses_A6_SHURE_DAY1_A6_SHURE_DAY1_13000000,True
transcript,A6_SHURE,DAY1,A6_SHURE_DAY1_14000000.srt,EgoLifeCap/Transcript/A6_SHURE/DAY1/A6_SHURE_DAY1_14000000.srt,30377,discovered,A6_SHURE_DAY1_14000000,ses_A6_SHURE_DAY1_A6_SHURE_DAY1_14000000,True
transcript,A6_SHURE,DAY1,A6_SHURE_DAY1_17000000.srt,EgoLifeCap/Transcript/A6_SHURE/DAY1/A6_SHURE_DAY1_17000000.srt,209493,discovered,A6_SHURE_DAY1_17000000,ses_A6_SHURE_DAY1_A6_SHURE_DAY1_17000000,True
transcript,A6_SHURE,DAY1,A6_SHURE_DAY1_18000000.srt,EgoLifeCap/Transcript/A6_SHURE/DAY1/A6_SHURE_DAY1_18000000.srt,121708,discovered,A6_SHURE_DAY1_18000000,ses_A6_SHURE_DAY1_A6_SHURE_DAY1_18000000,True
transcript,A6_SHURE,DAY1,A6_SHURE_DAY1_20000000.srt,EgoLifeCap/Transcript/A6_SHURE/DAY1/A6_SHURE_DAY1_20000000.srt,16971,discovered,A6_SHURE_DAY1_20000000,ses_A6_SHURE_DAY1_A6_SHURE_DAY1_20000000,True
transcript,A6_SHURE,DAY1,A6_SHURE_DAY1_21000000.srt,EgoLifeCap/Transcript/A6_SHURE/DAY1/A6_SHURE_DAY1_21000000.srt,104796,discovered,A6_SHURE_DAY1_21000000,ses_A6_SHURE_DAY1_A6_SHURE_DAY1_21000000,True
transcript,A6_SHURE,DAY1,A6_SHURE_DAY1_22000000.srt,EgoLifeCap/Transcript/A6_SHURE/DAY1/A6_SHURE_DAY1_22000000.srt,19192,discovered,A6_SHURE_DAY1_22000000,ses_A6_SHURE_DAY1_A6_SHURE_DAY1_22000000,True
transcript,A6_SHURE,DAY2,A6_SHURE_DAY2_15000000.srt,EgoLifeCap/Transcript/A6_SHURE/DAY2/A6_SHURE_DAY2_15000000.srt,50534,discovered,A6_SHURE_DAY2_15000000,ses_A6_SHURE_DAY2_A6_SHURE_DAY2_15000000,True
transcript,A6_SHURE,DAY2,A6_SHURE_DAY2_16000000.srt,EgoLifeCap/Transcript/A6_SHURE/DAY2/A6_SHURE_DAY2_16000000.srt,97676,discovered,A6_SHURE_DAY2_16000000,ses_A6_SHURE_DAY2_A6_SHURE_DAY2_16000000,True
transcript,A6_SHURE,DAY2,A6_SHURE_DAY2_17000000.srt,EgoLifeCap/Transcript/A6_SHURE/DAY2/A6_SHURE_DAY2_17000000.srt,71834,discovered,A6_SHURE_DAY2_17000000,ses_A6_SHURE_DAY2_A6_SHURE_DAY2_17000000,True
transcript,A6_SHURE,DAY2,A6_SHURE_DAY2_18000000.srt,EgoLifeCap/Transcript/A6_SHURE/DAY2/A6_SHURE_DAY2_18000000.srt,74031,discovered,A6_SHURE_DAY2_18000000,ses_A6_SHURE_DAY2_A6_SHURE_DAY2_18000000,True
transcript,A6_SHURE,DAY2,A6_SHURE_DAY2_20000000.srt,EgoLifeCap/Transcript/A6_SHURE/DAY2/A6_SHURE_DAY2_20000000.srt,3451,discovered,A6_SHURE_DAY2_20000000,ses_A6_SHURE_DAY2_A6_SHURE_DAY2_20000000,True
transcript,A6_SHURE,DAY2,A6_SHURE_DAY2_21000000.srt,EgoLifeCap/Transcript/A6_SHURE/DAY2/A6_SHURE_DAY2_21000000.srt,91891,discovered,A6_SHURE_DAY2_21000000,ses_A6_SHURE_DAY2_A6_SHURE_DAY2_21000000,True
transcript,A6_SHURE,DAY2,A6_SHURE_DAY2_22000000.srt,EgoLifeCap/Transcript/A6_SHURE/DAY2/A6_SHURE_DAY2_22000000.srt,85023,discovered,A6_SHURE_DAY2_22000000,ses_A6_SHURE_DAY2_A6_SHURE_DAY2_22000000,True
transcript,A6_SHURE,DAY3,A6_SHURE_DAY3_11000000.srt,EgoLifeCap/Transcript/A6_SHURE/DAY3/A6_SHURE_DAY3_11000000.srt,60789,discovered,A6_SHURE_DAY3_11000000,ses_A6_SHURE_DAY3_A6_SHURE_DAY3_11000000,True
transcript,A6_SHURE,DAY3,A6_SHURE_DAY3_12000000.srt,EgoLifeCap/Transcript/A6_SHURE/DAY3/A6_SHURE_DAY3_12000000.srt,88721,discovered,A6_SHURE_DAY3_12000000,ses_A6_SHURE_DAY3_A6_SHURE_DAY3_12000000,True
transcript,A6_SHURE,DAY3,A6_SHURE_DAY3_14000000.srt,EgoLifeCap/Transcript/A6_SHURE/DAY3/A6_SHURE_DAY3_14000000.srt,24884,discovered,A6_SHURE_DAY3_14000000,ses_A6_SHURE_DAY3_A6_SHURE_DAY3_14000000,True
transcript,A6_SHURE,DAY3,A6_SHURE_DAY3_15000000.srt,EgoLifeCap/Transcript/A6_SHURE/DAY3/A6_SHURE_DAY3_15000000.srt,102620,discovered,A6_SHURE_DAY3_15000000,ses_A6_SHURE_DAY3_A6_SHURE_DAY3_15000000,True
transcript,A6_SHURE,DAY3,A6_SHURE_DAY3_16000000.srt,EgoLifeCap/Transcript/A6_SHURE/DAY3/A6_SHURE_DAY3_16000000.srt,110435,discovered,A6_SHURE_DAY3_16000000,ses_A6_SHURE_DAY3_A6_SHURE_DAY3_16000000,True
transcript,A6_SHURE,DAY3,A6_SHURE_DAY3_17000000.srt,EgoLifeCap/Transcript/A6_SHURE/DAY3/A6_SHURE_DAY3_17000000.srt,61865,discovered,A6_SHURE_DAY3_17000000,ses_A6_SHURE_DAY3_A6_SHURE_DAY3_17000000,True
transcript,A6_SHURE,DAY3,A6_SHURE_DAY3_18000000.srt,EgoLifeCap/Transcript/A6_SHURE/DAY3/A6_SHURE_DAY3_18000000.srt,21634,discovered,A6_SHURE_DAY3_18000000,ses_A6_SHURE_DAY3_A6_SHURE_DAY3_18000000,True
transcript,A6_SHURE,DAY3,A6_SHURE_DAY3_19000000.srt,EgoLifeCap/Transcript/A6_SHURE/DAY3/A6_SHURE_DAY3_19000000.srt,50306,discovered,A6_SHURE_DAY3_19000000,ses_A6_SHURE_DAY3_A6_SHURE_DAY3_19000000,True
transcript,A6_SHURE,DAY3,A6_SHURE_DAY3_20000000.srt,EgoLifeCap/Transcript/A6_SHURE/DAY3/A6_SHURE_DAY3_20000000.srt,154215,discovered,A6_SHURE_DAY3_20000000,ses_A6_SHURE_DAY3_A6_SHURE_DAY3_20000000,True
transcript,A6_SHURE,DAY3,A6_SHURE_DAY3_21000000.srt,EgoLifeCap/Transcript/A6_SHURE/DAY3/A6_SHURE_DAY3_21000000.srt,215367,discovered,A6_SHURE_DAY3_21000000,ses_A6_SHURE_DAY3_A6_SHURE_DAY3_21000000,True
transcript,A6_SHURE,DAY3,A6_SHURE_DAY3_22000000.srt,EgoLifeCap/Transcript/A6_SHURE/DAY3/A6_SHURE_DAY3_22000000.srt,107326,discovered,A6_SHURE_DAY3_22000000,ses_A6_SHURE_DAY3_A6_SHURE_DAY3_22000000,True
transcript,A6_SHURE,DAY4,A6_SHURE_DAY4_10000000.srt,EgoLifeCap/Transcript/A6_SHURE/DAY4/A6_SHURE_DAY4_10000000.srt,8946,discovered,A6_SHURE_DAY4_10000000,ses_A6_SHURE_DAY4_A6_SHURE_DAY4_10000000,True
transcript,A6_SHURE,DAY4,A6_SHURE_DAY4_11000000.srt,EgoLifeCap/Transcript/A6_SHURE/DAY4/A6_SHURE_DAY4_11000000.srt,73425,discovered,A6_SHURE_DAY4_11000000,ses_A6_SHURE_DAY4_A6_SHURE_DAY4_11000000,True
transcript,A6_SHURE,DAY4,A6_SHURE_DAY4_12000000.srt,EgoLifeCap/Transcript/A6_SHURE/DAY4/A6_SHURE_DAY4_12000000.srt,59715,discovered,A6_SHURE_DAY4_12000000,ses_A6_SHURE_DAY4_A6_SHURE_DAY4_12000000,True
transcript,A6_SHURE,DAY4,A6_SHURE_DAY4_13000000.srt,EgoLifeCap/Transcript/A6_SHURE/DAY4/A6_SHURE_DAY4_13000000.srt,60611,discovered,A6_SHURE_DAY4_13000000,ses_A6_SHURE_DAY4_A6_SHURE_DAY4_13000000,True
transcript,A6_SHURE,DAY4,A6_SHURE_DAY4_15000000.srt,EgoLifeCap/Transcript/A6_SHURE/DAY4/A6_SHURE_DAY4_15000000.srt,40163,discovered,A6_SHURE_DAY4_15000000,ses_A6_SHURE_DAY4_A6_SHURE_DAY4_15000000,True
transcript,A6_SHURE,DAY4,A6_SHURE_DAY4_16000000.srt,EgoLifeCap/Transcript/A6_SHURE/DAY4/A6_SHURE_DAY4_16000000.srt,153244,discovered,A6_SHURE_DAY4_16000000,ses_A6_SHURE_DAY4_A6_SHURE_DAY4_16000000,True
transcript,A6_SHURE,DAY4,A6_SHURE_DAY4_17000000.srt,EgoLifeCap/Transcript/A6_SHURE/DAY4/A6_SHURE_DAY4_17000000.srt,64874,discovered,A6_SHURE_DAY4_17000000,ses_A6_SHURE_DAY4_A6_SHURE_DAY4_17000000,True
transcript,A6_SHURE,DAY4,A6_SHURE_DAY4_18000000.srt,EgoLifeCap/Transcript/A6_SHURE/DAY4/A6_SHURE_DAY4_18000000.srt,56694,discovered,A6_SHURE_DAY4_18000000,ses_A6_SHURE_DAY4_A6_SHURE_DAY4_18000000,True
transcript,A6_SHURE,DAY4,A6_SHURE_DAY4_19000000.srt,EgoLifeCap/Transcript/A6_SHURE/DAY4/A6_SHURE_DAY4_19000000.srt,75,discovered,A6_SHURE_DAY4_19000000,ses_A6_SHURE_DAY4_A6_SHURE_DAY4_19000000,True
transcript,A6_SHURE,DAY4,A6_SHURE_DAY4_20000000.srt,EgoLifeCap/Transcript/A6_SHURE/DAY4/A6_SHURE_DAY4_20000000.srt,25277,discovered,A6_SHURE_DAY4_20000000,ses_A6_SHURE_DAY4_A6_SHURE_DAY4_20000000,True
transcript,A6_SHURE,DAY4,A6_SHURE_DAY4_21000000.srt,EgoLifeCap/Transcript/A6_SHURE/DAY4/A6_SHURE_DAY4_21000000.srt,77051,discovered,A6_SHURE_DAY4_21000000,ses_A6_SHURE_DAY4_A6_SHURE_DAY4_21000000,True
transcript,A6_SHURE,DAY4,A6_SHURE_DAY4_22000000.srt,EgoLifeCap/Transcript/A6_SHURE/DAY4/A6_SHURE_DAY4_22000000.srt,67417,discovered,A6_SHURE_DAY4_22000000,ses_A6_SHURE_DAY4_A6_SHURE_DAY4_22000000,True
transcript,A6_SHURE,DAY5,A6_SHURE_DAY5_11000000.srt,EgoLifeCap/Transcript/A6_SHURE/DAY5/A6_SHURE_DAY5_11000000.srt,52445,discovered,A6_SHURE_DAY5_11000000,ses_A6_SHURE_DAY5_A6_SHURE_DAY5_11000000,True
transcript,A6_SHURE,DAY5,A6_SHURE_DAY5_12000000.srt,EgoLifeCap/Transcript/A6_SHURE/DAY5/A6_SHURE_DAY5_12000000.srt,100981,discovered,A6_SHURE_DAY5_12000000,ses_A6_SHURE_DAY5_A6_SHURE_DAY5_12000000,True
transcript,A6_SHURE,DAY5,A6_SHURE_DAY5_14000000.srt,EgoLifeCap/Transcript/A6_SHURE/DAY5/A6_SHURE_DAY5_14000000.srt,34464,discovered,A6_SHURE_DAY5_14000000,ses_A6_SHURE_DAY5_A6_SHURE_DAY5_14000000,True
transcript,A6_SHURE,DAY5,A6_SHURE_DAY5_15000000.srt,EgoLifeCap/Transcript/A6_SHURE/DAY5/A6_SHURE_DAY5_15000000.srt,78981,discovered,A6_SHURE_DAY5_15000000,ses_A6_SHURE_DAY5_A6_SHURE_DAY5_15000000,True
transcript,A6_SHURE,DAY5,A6_SHURE_DAY5_16000000.srt,EgoLifeCap/Transcript/A6_SHURE/DAY5/A6_SHURE_DAY5_16000000.srt,58610,discovered,A6_SHURE_DAY5_16000000,ses_A6_SHURE_DAY5_A6_SHURE_DAY5_16000000,True
transcript,A6_SHURE,DAY5,A6_SHURE_DAY5_18000000.srt,EgoLifeCap/Transcript/A6_SHURE/DAY5/A6_SHURE_DAY5_18000000.srt,82770,discovered,A6_SHURE_DAY5_18000000,ses_A6_SHURE_DAY5_A6_SHURE_DAY5_18000000,True
transcript,A6_SHURE,DAY5,A6_SHURE_DAY5_19000000.srt,EgoLifeCap/Transcript/A6_SHURE/DAY5/A6_SHURE_DAY5_19000000.srt,132875,discovered,A6_SHURE_DAY5_19000000,ses_A6_SHURE_DAY5_A6_SHURE_DAY5_19000000,True
transcript,A6_SHURE,DAY5,A6_SHURE_DAY5_20000000.srt,EgoLifeCap/Transcript/A6_SHURE/DAY5/A6_SHURE_DAY5_20000000.srt,122014,discovered,A6_SHURE_DAY5_20000000,ses_A6_SHURE_DAY5_A6_SHURE_DAY5_20000000,True
transcript,A6_SHURE,DAY5,A6_SHURE_DAY5_21000000.srt,EgoLifeCap/Transcript/A6_SHURE/DAY5/A6_SHURE_DAY5_21000000.srt,16848,discovered,A6_SHURE_DAY5_21000000,ses_A6_SHURE_DAY5_A6_SHURE_DAY5_21000000,False
transcript,A6_SHURE,DAY5,A6_SHURE_DAY5_22000000.srt,EgoLifeCap/Transcript/A6_SHURE/DAY5/A6_SHURE_DAY5_22000000.srt,27203,discovered,A6_SHURE_DAY5_22000000,ses_A6_SHURE_DAY5_A6_SHURE_DAY5_22000000,True
transcript,A6_SHURE,DAY6,A6_SHURE_DAY6_10000000.srt,EgoLifeCap/Transcript/A6_SHURE/DAY6/A6_SHURE_DAY6_10000000.srt,28664,discovered,A6_SHURE_DAY6_10000000,ses_A6_SHURE_DAY6_A6_SHURE_DAY6_10000000,True
transcript,A6_SHURE,DAY6,A6_SHURE_DAY6_11000000.srt,EgoLifeCap/Transcript/A6_SHURE/DAY6/A6_SHURE_DAY6_11000000.srt,79462,discovered,A6_SHURE_DAY6_11000000,ses_A6_SHURE_DAY6_A6_SHURE_DAY6_11000000,True
transcript,A6_SHURE,DAY6,A6_SHURE_DAY6_12000000.srt,EgoLifeCap/Transcript/A6_SHURE/DAY6/A6_SHURE_DAY6_12000000.srt,68916,discovered,A6_SHURE_DAY6_12000000,ses_A6_SHURE_DAY6_A6_SHURE_DAY6_12000000,True
transcript,A6_SHURE,DAY6,A6_SHURE_DAY6_13000000.srt,EgoLifeCap/Transcript/A6_SHURE/DAY6/A6_SHURE_DAY6_13000000.srt,16085,discovered,A6_SHURE_DAY6_13000000,ses_A6_SHURE_DAY6_A6_SHURE_DAY6_13000000,True
transcript,A6_SHURE,DAY6,A6_SHURE_DAY6_15000000.srt,EgoLifeCap/Transcript/A6_SHURE/DAY6/A6_SHURE_DAY6_15000000.srt,103362,discovered,A6_SHURE_DAY6_15000000,ses_A6_SHURE_DAY6_A6_SHURE_DAY6_15000000,True
transcript,A6_SHURE,DAY6,A6_SHURE_DAY6_16000000.srt,EgoLifeCap/Transcript/A6_SHURE/DAY6/A6_SHURE_DAY6_16000000.srt,142681,discovered,A6_SHURE_DAY6_16000000,ses_A6_SHURE_DAY6_A6_SHURE_DAY6_16000000,True
transcript,A6_SHURE,DAY6,A6_SHURE_DAY6_17000000.srt,EgoLifeCap/Transcript/A6_SHURE/DAY6/A6_SHURE_DAY6_17000000.srt,138837,discovered,A6_SHURE_DAY6_17000000,ses_A6_SHURE_DAY6_A6_SHURE_DAY6_17000000,True
transcript,A6_SHURE,DAY6,A6_SHURE_DAY6_19000000.srt,EgoLifeCap/Transcript/A6_SHURE/DAY6/A6_SHURE_DAY6_19000000.srt,123697,discovered,A6_SHURE_DAY6_19000000,ses_A6_SHURE_DAY6_A6_SHURE_DAY6_19000000,True
transcript,A6_SHURE,DAY6,A6_SHURE_DAY6_20000000.srt,EgoLifeCap/Transcript/A6_SHURE/DAY6/A6_SHURE_DAY6_20000000.srt,84608,discovered,A6_SHURE_DAY6_20000000,ses_A6_SHURE_DAY6_A6_SHURE_DAY6_20000000,True
transcript,A6_SHURE,DAY6,A6_SHURE_DAY6_21000000.srt,EgoLifeCap/Transcript/A6_SHURE/DAY6/A6_SHURE_DAY6_21000000.srt,109212,discovered,A6_SHURE_DAY6_21000000,ses_A6_SHURE_DAY6_A6_SHURE_DAY6_21000000,True
transcript,A6_SHURE,DAY7,A6_SHURE_DAY7_10000000.srt,EgoLifeCap/Transcript/A6_SHURE/DAY7/A6_SHURE_DAY7_10000000.srt,13298,discovered,A6_SHURE_DAY7_10000000,ses_A6_SHURE_DAY7_A6_SHURE_DAY7_10000000,True
transcript,A6_SHURE,DAY7,A6_SHURE_DAY7_11000000.srt,EgoLifeCap/Transcript/A6_SHURE/DAY7/A6_SHURE_DAY7_11000000.srt,67644,discovered,A6_SHURE_DAY7_11000000,ses_A6_SHURE_DAY7_A6_SHURE_DAY7_11000000,True
transcript,A6_SHURE,DAY7,A6_SHURE_DAY7_12000000.srt,EgoLifeCap/Transcript/A6_SHURE/DAY7/A6_SHURE_DAY7_12000000.srt,146827,discovered,A6_SHURE_DAY7_12000000,ses_A6_SHURE_DAY7_A6_SHURE_DAY7_12000000,True
transcript,A6_SHURE,DAY7,A6_SHURE_DAY7_13000000.srt,EgoLifeCap/Transcript/A6_SHURE/DAY7/A6_SHURE_DAY7_13000000.srt,81431,discovered,A6_SHURE_DAY7_13000000,ses_A6_SHURE_DAY7_A6_SHURE_DAY7_13000000,True
transcript,A6_SHURE,DAY7,A6_SHURE_DAY7_14000000.srt,EgoLifeCap/Transcript/A6_SHURE/DAY7/A6_SHURE_DAY7_14000000.srt,42653,discovered,A6_SHURE_DAY7_14000000,ses_A6_SHURE_DAY7_A6_SHURE_DAY7_14000000,True
transcript,A6_SHURE,DAY7,A6_SHURE_DAY7_17000000.srt,EgoLifeCap/Transcript/A6_SHURE/DAY7/A6_SHURE_DAY7_17000000.srt,21858,discovered,A6_SHURE_DAY7_17000000,ses_A6_SHURE_DAY7_A6_SHURE_DAY7_17000000,True
